date,usd/rm price,wti price,SMR20
4/1/2010,3.3344,81.64,283.25
5/1/2010,3.3934,81.47,290.1
6/1/2010,3.3789,83.25,291.05
7/1/2010,3.3669,82.69,294.85
8/1/2010,3.3625,82.91,294.5
11/1/2010,3.3394,82.04,296.95
12/1/2010,3.3519,80.11,300.9
13/1/2010,3.3359,79.66,299.1
14/1/2010,3.3312,79.19,303.45
15/1/2010,3.3337,77.95,303.3
19/1/2010,3.3332,78.83,305.2
20/1/2010,3.358,78.35,308.65
21/1/2010,3.3683,75.84,306.45
22/1/2010,3.3983,74.07,302.45
25/1/2010,3.3491,75.22,298.25
26/1/2010,3.4188,74.66,300.9
27/1/2010,3.4349,73.75,295.2
28/1/2010,3.4146,73.89,291.25
29/1/2010,3.4111,72.67,291.75
2/2/2010,3.4147,77,294.2
3/2/2010,3.3991,77.1,295.45
4/2/2010,3.4234,73,295.9
5/2/2010,3.4236,71.91,289.6
8/2/2010,3.4506,71.69,289.85
9/2/2010,3.4328,73.78,289.85
10/2/2010,3.4229,74.67,293.5
11/2/2010,3.4163,75.33,295.1
12/2/2010,3.4153,74.2,298.1
22/2/2010,3.3956,79.19,307.9
23/2/2010,3.4042,79.13,307.6
24/2/2010,3.4054,80.33,309.2
25/2/2010,3.3884,78.34,309.85
1/3/2010,3.3734,78.84,313
2/3/2010,3.3066,79.65,312.55
3/3/2010,3.3725,81.03,313.1
4/3/2010,3.3646,80.6,313.4
5/3/2010,3.353,81.79,313.4
8/3/2010,3.331,81.8,316.1
9/3/2010,3.3339,81.38,315.9
10/3/2010,3.3219,81.98,315.8
11/3/2010,3.3128,82.27,318.25
12/3/2010,3.3013,81.1,317.9
15/3/2010,3.3131,79.86,315.8
16/3/2010,3.3066,82.06,311.35
17/3/2010,3.3016,82.87,313.65
18/3/2010,3.3027,82.21,313.95
19/3/2010,3.3048,80.68,313.3
22/3/2010,3.3189,80.69,312.95
23/3/2010,3.3285,81.64,311.8
24/3/2010,3.3204,80.23,311.4
25/3/2010,3.3244,80.16,313.05
26/3/2010,3.2993,80.14,316.3
29/3/2010,3.2613,82.52,320.65
30/3/2010,3.2631,82.55,324.5
31/3/2010,3.2599,83.38,323.95
1/4/2010,3.2526,85.27,325.2
6/4/2010,3.2046,86.78,330.1
7/4/2010,3.2093,85.64,332.3
8/4/2010,3.1951,85.64,330.05
9/4/2010,3.1757,84.87,331.85
12/4/2010,3.2068,84.31,334.55
13/4/2010,3.2128,83.81,330.25
14/4/2010,3.2005,85.94,333
15/4/2010,3.1864,85.31,336.05
16/4/2010,3.1843,82.95,334.5
19/4/2010,3.207,81.91,330.3
20/4/2010,3.2057,83.44,332.05
21/4/2010,3.1944,83.44,334.75
22/4/2010,3.2028,83.75,331.25
23/4/2010,3.1832,85.06,330.2
26/4/2010,3.1632,83.88,332.55
27/4/2010,3.199,81.84,327.7
28/4/2010,3.1934,83.32,320.05
29/4/2010,3.1842,85.6,316.85
30/4/2010,3.1837,86.19,314.4
4/5/2010,3.2292,82.08,306.4
5/5/2010,3.2452,79.56,300.95
6/5/2010,3.2753,76.85,295.55
7/5/2010,3.2569,75.44,286.8
10/5/2010,3.2182,77.28,287.9
11/5/2010,3.2289,76.03,289.1
12/5/2010,3.2057,75.51,285.85
13/5/2010,3.1372,73.87,286
14/5/2010,3.198,72.03,281.4
17/5/2010,3.1427,70.48,274.5
18/5/2010,3.2567,69.09,273.9
19/5/2010,3.1323,71.1,272.7
20/5/2010,3.2434,68.67,274.4
21/5/2010,3.3137,70.42,272.1
24/5/2010,3.2633,70.01,275.6
25/5/2010,3.345,69.95,279.45
26/5/2010,3.3267,70.88,283.6
27/5/2010,3.2968,74.92,287.8
1/6/2010,3.3167,71.94,292.9
2/6/2010,3.2809,73.69,288.7
3/6/2010,3.2682,74.62,291.9
4/6/2010,3.2805,70.92,291.3
7/6/2010,3.3389,71.14,281.25
8/6/2010,3.3303,72.51,281.95
9/6/2010,3.3302,73.89,280.75
10/6/2010,3.2988,75.45,280.35
11/6/2010,3.271,74.23,284.75
14/6/2010,3.2607,74.77,287.45
17/6/2010,3.2606,76.59,287.75
18/6/2010,3.2395,77.34,287.55
21/6/2010,3.203,77.08,293.1
22/6/2010,3.21,76.94,292.45
23/6/2010,3.213,76.06,291.2
24/6/2010,3.2426,76.56,293.2
25/6/2010,3.2352,79.16,292.7
28/6/2010,3.2318,78.15,296.5
29/6/2010,3.2513,75.44,292.65
30/6/2010,3.2505,75.35,286
1/7/2010,3.2257,72.6,286.85
2/7/2010,3.2233,72.29,289.7
6/7/2010,3.2086,72.03,288.95
7/7/2010,3.2077,74.89,291.55
8/7/2010,3.1919,75.92,293.65
9/7/2010,3.192,76.45,293.45
12/7/2010,3.1968,75.02,291.6
13/7/2010,3.2002,77.23,288.9
14/7/2010,3.129,76.77,287.3
15/7/2010,3.1913,76.88,285.15
16/7/2010,3.2006,75.78,286.25
19/7/2010,3.2337,76.46,284.1
20/7/2010,3.2133,76.95,284.95
21/7/2010,3.2256,76.46,285.85
22/7/2010,3.2033,79.23,283.25
23/7/2010,3.1829,78.87,286.95
26/7/2010,3.1907,78.87,287.95
27/7/2010,3.1792,77.07,288.55
28/7/2010,3.1923,76.84,289.6
29/7/2010,3.1851,78.25,290.55
30/7/2010,3.185,78.97,290.7
2/8/2010,3.1586,81.46,296.35
3/8/2010,3.1587,82.5,297.8
4/8/2010,3.1667,82.47,298.55
5/8/2010,3.1485,82.19,300.95
6/8/2010,3.1457,80.88,303.45
9/8/2010,3.1422,81.43,305.55
10/8/2010,3.1326,80.28,305.2
11/8/2010,3.1831,77.34,306.15
12/8/2010,3.1906,75.74,300.35
13/8/2010,3.1695,75.56,302.55
16/8/2010,3.1841,75.06,302.25
17/8/2010,3.1557,75.5,304.1
18/8/2010,3.1475,75.24,307.6
19/8/2010,3.1353,74.44,312.8
20/8/2010,3.1336,73.44,311.45
23/8/2010,3.1357,72.89,311.45
24/8/2010,3.1504,71.5,309.95
25/8/2010,3.1411,72.91,310.8
26/8/2010,3.1393,73.07,317.4
27/8/2010,3.1442,75.56,320.8
30/8/2010,3.1443,74.06,326.5
1/9/2010,3.1249,73.91,327.1
2/9/2010,3.1238,74.92,330.15
3/9/2010,3.1095,74.33,332.15
7/9/2010,3.1333,73.81,333.05
8/9/2010,3.1028,74.95,332.7
13/9/2010,3.1024,77.14,334.9
14/9/2010,3.1022,76.67,335.3
15/9/2010,3.1117,75.81,334.8
17/9/2010,3.1008,73.5,334.75
20/9/2010,3.1019,74.69,336.55
21/9/2010,3.07,72.84,338.1
27/9/2010,3.0965,76.22,343.4
28/9/2010,3.092,76.25,344.05
29/9/2010,3.0844,77.92,345.65
30/9/2010,3.0796,79.8,346
8/10/2010,3.1106,82.84,360.75
11/10/2010,3.0551,81.95,365.7
12/10/2010,3.089,81.68,372.2
13/10/2010,3.0896,83.19,383.6
14/10/2010,3.0784,82.81,395.05
15/10/2010,3.0858,81.45,394.25
18/10/2010,3.1025,83,391.35
19/10/2010,3.1271,79.35,393.25
20/10/2010,3.1163,81.92,387.7
21/10/2010,3.1161,80.73,390.2
22/10/2010,3.1056,81.9,388.65
25/10/2010,3.0998,82.39,394.25
26/10/2010,3.0977,82.45,395.35
27/10/2010,3.1071,81.97,391.35
28/10/2010,3.1071,81.92,389.9
29/10/2010,3.1005,81.43,386.75
1/11/2010,3.0829,82.96,388.45
2/11/2010,3.0867,84.44,388.45
3/11/2010,3.061,85.06,396.75
4/11/2010,3.0762,86.61,403.4
8/11/2010,3.1018,86.7,413.05
9/11/2010,3.1161,86.4,421.1
10/11/2010,3.076,87.89,432.45
11/11/2010,3.0978,87.72,437.95
12/11/2010,3.1104,84.75,429.45
15/11/2010,3.1465,84.53,419.95
16/11/2010,3.1342,82.3,419.3
18/11/2010,3.1085,82.25,422.25
19/11/2010,3.104,81.62,429.75
22/11/2010,3.1026,81.57,430.85
23/11/2010,3.1267,80.98,423.6
24/11/2010,3.1351,84.23,419.65
26/11/2010,3.1487,83.89,419.5
29/11/2010,3.1475,85.89,416.75
30/11/2010,3.1752,83.6,421.6
1/12/2010,3.1551,86.83,422.45
2/12/2010,3.1537,87.95,429.95
3/12/2010,3.1342,89.44,430.75
6/12/2010,3.1395,88.85,435.15
8/12/2010,3.1397,88.5,437.1
9/12/2010,3.1303,88.53,443
10/12/2010,3.1333,87.81,444.2
13/12/2010,3.1351,88.19,452.2
14/12/2010,3.133,88.27,455.45
15/12/2010,3.1543,88.32,456.05
16/12/2010,3.126,87.81,457.2
17/12/2010,3.1234,88.22,459.95
20/12/2010,3.1436,89.27,465.05
21/12/2010,3.1416,90.03,473.2
22/12/2010,3.1228,90.62,478.2
23/12/2010,3.1082,91.47,481.25
27/12/2010,3.0821,90.73,488.7
28/12/2010,3.1003,91.25,485.3
29/12/2010,3.0768,90.97,484.8
30/12/2010,3.0737,89.6,488
4/1/2011,3.0593,89.23,497.2
5/1/2011,3.0683,90.38,499.35
6/1/2011,3.0801,88.12,505.1
7/1/2011,3.0739,88.48,506.45
10/1/2011,3.0726,89.36,507.75
11/1/2011,3.0055,91.22,510.4
12/1/2011,3.0455,91.97,520.3
13/1/2011,3.0543,90.95,523.75
14/1/2011,3.0457,91.66,524.5
18/1/2011,3.0585,91.26,529
19/1/2011,3.0593,90.6,535.2
21/1/2011,2.9806,89.13,543.05
24/1/2011,3.0552,87.73,550.05
25/1/2011,3.0406,86.2,549
26/1/2011,2.99,87.61,539.1
27/1/2011,3.0422,85.23,543.95
28/1/2011,3.0513,89.49,540.05
31/1/2011,3.0593,92.22,540.25
9/2/2011,3.0282,86.8,559.55
10/2/2011,3.0499,87.56,565.05
11/2/2011,3.0436,85.31,565.7
14/2/2011,3.0495,84.82,567.35
16/2/2011,3.0357,85.2,562.3
17/2/2011,3.0403,86.39,569.85
18/2/2011,3.0279,86.15,569.5
22/2/2011,3.0364,93.36,550.9
23/2/2011,3.0423,98.98,541.7
24/2/2011,3.0565,96.81,537.15
25/2/2011,3.0487,98.22,533.4
28/2/2011,3.0415,96.88,524.85
1/3/2011,3.0405,100.59,525.05
2/3/2011,3.0335,102.44,517.8
3/3/2011,3.0255,101.69,518.75
4/3/2011,3.0259,104.91,512.85
7/3/2011,3.0305,104.75,501.5
8/3/2011,3.0334,105.03,480.15
9/3/2011,3.0319,104.45,448.8
10/3/2011,3.037,102.58,455.85
11/3/2011,3.0284,100.59,446.5
14/3/2011,3.0333,101.7,408.4
15/3/2011,3.0647,97.38,392.85
16/3/2011,3.0567,98.14,395.75
17/3/2011,3.0486,101.73,426.7
18/3/2011,3.0483,101.61,458.9
21/3/2011,3.0239,102.02,470.85
22/3/2011,3.0364,102.57,489.85
23/3/2011,3.0275,105.56,501.15
24/3/2011,3.0278,105.41,509.2
25/3/2011,3.0191,105.55,505.85
28/3/2011,3.0287,103.86,499.9
29/3/2011,3.022,104.55,494.3
30/3/2011,3.0185,104.35,500.75
31/3/2011,3.0291,106.78,503.25
1/4/2011,3.0189,108.31,503.2
6/4/2011,3.0219,108.63,521.75
7/4/2011,3.0235,110.39,520.75
8/4/2011,3.0095,113.06,521.15
11/4/2011,3.0213,108.88,529.1
12/4/2011,3.0195,106.05,524.1
13/4/2011,3.0281,107.38,514.7
14/4/2011,3.0152,108.47,510.95
15/4/2011,3.0229,109.39,508.55
18/4/2011,3.0172,107.58,495.5
19/4/2011,3.0185,108,483.3
20/4/2011,3.0131,111.38,490.3
21/4/2011,3.0117,112.35,489.25
25/4/2011,3.0069,112.19,482.05
26/4/2011,2.9734,111.94,474.6
27/4/2011,2.9516,113.16,469.1
28/4/2011,2.9506,112.76,466.25
29/4/2011,2.9625,113.73,460.15
3/5/2011,2.9803,110.81,457.45
4/5/2011,2.9783,108.82,454.85
5/5/2011,3.0055,99.84,447.65
6/5/2011,3.0381,98.05,431.35
9/5/2011,2.9699,102.65,438.2
10/5/2011,2.975,103.63,446.6
11/5/2011,2.9898,98.59,451.2
12/5/2011,3.0092,98.78,437.65
13/5/2011,3.0049,99.35,441.5
16/5/2011,3.0546,97.01,443.9
18/5/2011,3.0322,99.81,444.05
19/5/2011,3.0144,98.56,453.4
20/5/2011,3.0118,98.76,450.85
23/5/2011,3.0526,97.47,444.4
24/5/2011,3.0499,99.38,444.9
25/5/2011,3.0623,101.19,452.2
26/5/2011,3.0338,100.11,459.35
27/5/2011,3.0204,100.75,462
31/5/2011,2.9966,102.58,466.25
1/6/2011,3.027,99.72,465.35
2/6/2011,3.0025,100.87,458.75
3/6/2011,3.001,100.57,464.35
7/6/2011,3,99.52,464.3
8/6/2011,3.012,100.8,462.45
9/6/2011,3.0229,101.87,461.75
10/6/2011,3.022,98.94,459.8
13/6/2011,3.0288,96.96,455.9
14/6/2011,3.0332,99.64,454.7
15/6/2011,3.0373,95.36,459.3
16/6/2011,3.0352,95.15,458.05
17/6/2011,3.0373,92.92,455.6
20/6/2011,3.0399,93.33,457.3
21/6/2011,3.03,93.25,456.1
22/6/2011,3.0405,94.44,447.85
23/6/2011,3.0077,92.35,438.2
24/6/2011,2.9885,91.22,438.25
27/6/2011,2.9803,90.83,426.3
28/6/2011,3.0478,93.36,430.5
29/6/2011,3.0231,95.05,431
30/6/2011,2.9602,95.11,435.9
1/7/2011,3.0032,94.73,436.45
5/7/2011,3.0145,97.02,445.1
6/7/2011,3.0077,97.01,449.75
7/7/2011,3.0031,98.77,448.9
8/7/2011,2.9874,96.47,451.55
11/7/2011,3.0067,95.13,442.35
12/7/2011,3.0398,96.64,436.05
13/7/2011,3.0033,97.62,444.55
14/7/2011,3.0077,96.04,448.45
15/7/2011,3.0039,97.48,453.3
18/7/2011,2.9963,96.15,454.15
19/7/2011,3,97.97,453.6
20/7/2011,2.9784,98.03,460.65
21/7/2011,2.9824,99.12,462.45
22/7/2011,2.9736,99.81,460.4
25/7/2011,2.9668,99.08,461.65
26/7/2011,2.9504,99.22,466.4
27/7/2011,2.9401,97.24,475
28/7/2011,2.9401,97.16,470.3
29/7/2011,2.9601,95.87,469.15
1/8/2011,2.9233,94.97,471.35
2/8/2011,2.968,93.27,470.15
3/8/2011,2.9578,91.91,467.9
4/8/2011,2.9965,86.43,471.65
5/8/2011,2.98,87.22,457.9
8/8/2011,3.0308,81.07,456.5
9/8/2011,2.9922,82.12,445.5
10/8/2011,3.0154,82.08,453.2
11/8/2011,2.9963,85.67,455.75
12/8/2011,2.9965,85.32,458.6
15/8/2011,2.8969,87.69,459.5
16/8/2011,2.9816,87.17,458.6
17/8/2011,2.9742,87.38,452.45
18/8/2011,2.9785,81.31,454.8
19/8/2011,2.981,82.75,448.25
22/8/2011,2.9667,82.31,452.75
23/8/2011,2.9616,85.69,453.1
24/8/2011,2.9712,85.24,455.2
25/8/2011,2.9872,84.98,455.3
26/8/2011,2.9761,85.56,453.65
2/9/2011,2.9606,86.65,466.25
6/9/2011,2.9772,86.53,456.95
7/9/2011,2.975,90.1,462.7
8/9/2011,2.9987,88.64,465.5
9/9/2011,3.0064,87,464
13/9/2011,3.0551,89.8,458.2
14/9/2011,3.0674,88.56,457.6
15/9/2011,3.0832,89.03,458.3
19/9/2011,3.118,85.94,460.2
20/9/2011,3.118,86.29,453.2
21/9/2011,3.1547,84.81,454.6
22/9/2011,3.138,80.53,445.3
23/9/2011,3.1667,79.94,439.15
26/9/2011,3.1778,81.48,421.85
27/9/2011,3.1468,83.73,422.35
28/9/2011,3.1812,80.64,417.3
29/9/2011,3.1871,83.11,401.25
30/9/2011,3.204,78.75,409.45
10/10/2011,3.1333,85.79,417.65
11/10/2011,3.1428,85.16,423.25
12/10/2011,3.1266,84.92,418.4
13/10/2011,3.1352,84.56,419.45
14/10/2011,3.1201,87.27,415.5
17/10/2011,3.1035,86.27,421.2
18/10/2011,3.1267,88.42,414.35
19/10/2011,3.1041,86.06,405.3
20/10/2011,3.0976,86.66,381.95
21/10/2011,3.1401,87.54,383.85
24/10/2011,3.1329,91.62,388.05
25/10/2011,3.1273,92.53,391.05
27/10/2011,3.099,93.98,391.25
28/10/2011,3.0642,93.48,400.4
31/10/2011,3.0806,92.59,390.7
1/11/2011,3.122,91.56,377.1
2/11/2011,3.1371,92.87,369.4
3/11/2011,3.1314,94.28,366.15
4/11/2011,3.1002,94.45,364.45
8/11/2011,3.1153,97.01,350.85
9/11/2011,3.1296,95.78,335.7
10/11/2011,3.1454,97.58,310.65
11/11/2011,3.1457,99.22,309.15
14/11/2011,3.1333,98,332.95
15/11/2011,3.1531,99.3,331.95
16/11/2011,3.1634,101.74,330.4
17/11/2011,3.1686,98.62,335.3
18/11/2011,3.1584,98,333.25
21/11/2011,3.191,97.07,325.1
22/11/2011,3.1699,97.73,317.7
23/11/2011,3.1812,95.83,317.55
25/11/2011,3.194,97.38,319.95
29/11/2011,3.1816,99.5,318.9
30/11/2011,3.1788,100.51,318.8
1/12/2011,3.1413,100.01,331.2
5/12/2011,3.1495,100.56,332.15
6/12/2011,3.1304,101.18,334.95
7/12/2011,3.1169,100.55,341.15
8/12/2011,3.1257,97.97,344.1
9/12/2011,3.1453,99.81,337.1
12/12/2011,3.1207,97.92,334.4
13/12/2011,3.1959,100.37,328.7
14/12/2011,3.1775,94.81,330.15
15/12/2011,3.179,93.42,323.55
16/12/2011,3.1692,93.79,327.7
19/12/2011,3.1819,94.09,325.35
20/12/2011,3.1732,95.55,330.6
21/12/2011,3.159,99.01,335.95
22/12/2011,3.16,99.47,332.65
23/12/2011,3.1529,99.85,333.85
27/12/2011,3.1714,101.28,330.7
28/12/2011,3.1613,99.59,329.95
29/12/2011,3.1752,99.82,321.45
30/12/2011,3.1706,99.06,321
4/1/2012,3.1318,103.29,283.25
5/1/2012,3.1427,101.34,290.1
6/1/2012,3.1461,101.92,291.05
9/1/2012,3.1431,101.31,294.5
11/1/2012,3.1281,100.98,296.95
12/1/2012,3.1374,99.25,300.9
13/1/2012,3.1319,99.05,299.1
18/1/2012,3.1063,101.14,301.25
19/1/2012,3.0969,100.36,305.2
20/1/2012,3.1076,98.14,308.65
30/1/2012,3.0497,98.95,291.75
2/2/2012,3.022,96.59,294.2
3/2/2012,2.9963,97.77,295.45
6/2/2012,3.008,97.08,289.6
8/2/2012,3.0057,99.05,289.85
9/2/2012,3.0054,99.8,289.85
10/2/2012,3.0249,99.05,293.5
13/2/2012,3.0271,100.79,298.1
17/2/2012,3.0419,104.03,303.25
22/2/2012,3.0222,105.95,307.9
23/2/2012,3.0095,108.68,307.6
24/2/2012,3.0096,109.62,309.2
29/2/2012,2.998,106.91,313
1/3/2012,2.9972,108.6,312.55
2/3/2012,2.9948,106.51,313.1
5/3/2012,3.0112,107.13,313.4
7/3/2012,3.0195,106.16,316.1
8/3/2012,3,106.84,315.9
9/3/2012,3.0065,107.43,315.8
12/3/2012,3.0254,106.57,317.9
14/3/2012,3.0555,105.55,315.8
15/3/2012,3.049,105.45,311.35
16/3/2012,3.0543,107.17,313.65
19/3/2012,3.045,107.86,313.3
21/3/2012,3.0792,106.91,312.95
22/3/2012,3.0897,105.59,311.8
23/3/2012,3.0732,106.75,311.4
26/3/2012,3.072,107.11,316.3
28/3/2012,3.0615,105.55,320.65
29/3/2012,3.061,103.28,324.5
30/3/2012,3.0592,102.93,323.95
5/4/2012,3.0645,103.24,332.3
10/4/2012,3.0631,100.94,334.55
11/4/2012,3.0646,102.56,330.25
12/4/2012,3.0681,103.63,333
13/4/2012,3.0535,102.84,336.05
17/4/2012,3.0648,104.27,330.3
18/4/2012,3.0606,102.77,332.05
19/4/2012,3.0629,102.64,334.75
20/4/2012,3.0586,102.94,331.25
24/4/2012,3.0625,103.79,332.55
25/4/2012,3.0544,103.95,327.7
26/4/2012,2.998,104.16,320.05
27/4/2012,3.0403,104.78,316.85
2/5/2012,3.0252,105.38,306.4
3/5/2012,3.0318,102.44,300.95
4/5/2012,3.0444,98.59,295.55
8/5/2012,3.052,97.39,287.9
9/5/2012,3.0666,96.38,289.1
10/5/2012,3.0639,96.55,285.85
11/5/2012,3.0691,95.57,286
15/5/2012,3.0771,93.09,274.5
16/5/2012,3.1133,92.81,273.9
17/5/2012,3.1107,92.91,272.7
18/5/2012,3.1301,91.34,274.4
22/5/2012,3.1166,92.2,275.6
23/5/2012,3.1416,90.57,279.45
24/5/2012,3.1447,90.8,283.6
25/5/2012,3.1501,90.72,287.8
29/5/2012,3.1472,90.91,292.4
30/5/2012,3.1602,87.47,292.9
31/5/2012,3.1685,86.5,288.7
1/6/2012,3.0905,83.28,291.9
5/6/2012,3.1963,84.06,281.25
6/6/2012,3.1723,85.53,281.95
7/6/2012,3.1567,83.62,280.75
8/6/2012,3.1816,84.32,280.35
12/6/2012,3.178,83.47,287.45
13/6/2012,3.1737,82.39,288.05
14/6/2012,3.1856,84.36,290.85
15/6/2012,3.1547,84.19,287.75
19/6/2012,3.1532,83.98,293.1
20/6/2012,3.152,82.5,292.45
21/6/2012,3.1733,78.25,291.2
26/6/2012,3.1894,79.48,296.5
27/6/2012,3.1889,80.53,292.65
28/6/2012,3.1921,78.44,286
29/6/2012,3.1665,84.88,286.85
3/7/2012,3.149,87.72,288.8
5/7/2012,3.159,86.8,291.55
6/7/2012,3.1695,84.12,293.65
10/7/2012,3.1714,83.98,291.6
11/7/2012,3.1744,86.16,288.9
12/7/2012,3.1874,85.76,287.3
13/7/2012,3.1805,86.98,285.15
17/7/2012,3.1617,89.12,284.1
18/7/2012,3.1582,89.97,284.95
19/7/2012,3.1473,92.56,285.85
20/7/2012,3.1524,88.9,283.25
24/7/2012,3.1747,88.19,287.95
25/7/2012,3.171,89,288.55
26/7/2012,3.1604,89.34,289.6
27/7/2012,3.1575,90.18,290.55
31/7/2012,3.1195,87.84,296.35
1/8/2012,3.1113,88.8,297.8
2/8/2012,3.1228,87.31,298.55
3/8/2012,3.1229,91.34,300.95
7/8/2012,3.0982,93.62,305.55
8/8/2012,3.1049,93.38,305.2
9/8/2012,3.1015,93.65,306.15
10/8/2012,3.1138,93.41,300.35
14/8/2012,3.111,93.35,302.25
15/8/2012,3.1191,94.28,304.1
16/8/2012,3.1292,95.34,307.6
17/8/2012,3.1282,96.03,312.8
21/8/2012,3.1296,96.44,311.45
22/8/2012,3.0958,97.32,309.95
23/8/2012,3.0912,95.97,310.8
24/8/2012,3.0947,96.06,317.4
28/8/2012,3.118,96.14,326.5
30/8/2012,3.1208,94.79,327.1
31/8/2012,3.1199,96.54,330.15
4/9/2012,3.1039,95.62,334.35
5/9/2012,3.1122,96.03,333.05
6/9/2012,3.1135,94.77,332.7
11/9/2012,3.0857,96.91,334.9
12/9/2012,3.0692,96.86,335.3
13/9/2012,3.0772,98.06,334.8
18/9/2012,3.0584,95.47,336.55
19/9/2012,3.0574,91.56,338.1
20/9/2012,3.066,91.81,341.5
21/9/2012,3.0467,92.98,342.05
25/9/2012,3.0673,90.78,343.4
26/9/2012,3.0789,90.14,344.05
27/9/2012,3.0696,92.3,345.65
28/9/2012,3.0533,92.09,346
9/10/2012,3.0676,92.25,365.7
10/10/2012,3.0704,91.28,372.2
11/10/2012,3.064,92.42,383.6
12/10/2012,3.0558,91.64,395.05
16/10/2012,3.0498,92.03,391.35
17/10/2012,3.0331,92.03,393.25
18/10/2012,3.0335,92.16,387.7
19/10/2012,3.0466,89.9,390.2
23/10/2012,3.0543,86.49,394.25
24/10/2012,3.0554,85.63,395.35
25/10/2012,3.0369,85.99,391.35
26/10/2012,3.037,86.12,389.9
30/10/2012,3.0462,85.67,388.45
31/10/2012,3.0429,86.06,388.45
1/11/2012,3.0491,86.91,396.75
2/11/2012,3.0496,84.76,403.4
6/11/2012,3.0584,88.41,413.05
7/11/2012,3.0514,84.5,421.1
8/11/2012,3.0606,84.97,432.45
9/11/2012,3.0583,86.14,437.95
13/11/2012,3.0602,85.33,419.95
14/11/2012,3.0558,86.41,419.3
16/11/2012,3.069,86.6,422.25
20/11/2012,3.0565,87.27,430.85
21/11/2012,3.058,87.69,423.6
23/11/2012,3.0565,88.27,424.15
27/11/2012,3.044,87.34,416.75
28/11/2012,3.044,86.59,421.6
29/11/2012,3.0429,87.71,422.45
30/11/2012,3.0369,88.83,429.95
4/12/2012,3.0386,88.4,435.15
6/12/2012,3.0449,86.35,437.1
7/12/2012,3.0517,85.92,443
11/12/2012,3.0545,85.71,452.2
12/12/2012,3.0446,86.78,455.45
13/12/2012,3.0512,86.14,456.05
14/12/2012,3.0534,86.82,457.2
18/12/2012,3.0494,87.96,465.05
19/12/2012,3.0547,89.91,473.2
20/12/2012,3.0526,89.92,478.2
21/12/2012,3.057,88.91,481.25
26/12/2012,3.0651,91.14,485.3
27/12/2012,3.0573,91.09,484.8
28/12/2012,3.0592,90.76,488
4/1/2013,3.0457,93.17,304.4
7/1/2013,3.0396,93.31,302.5
8/1/2013,3.0422,93.16,302.6
9/1/2013,3.0363,93.25,303.9
10/1/2013,3.0192,93.88,306.7
11/1/2013,3.0178,93.76,306.8
14/1/2013,3.0141,94.19,304.55
15/1/2013,3.0102,93.42,305.15
16/1/2013,3.0155,94.16,300.75
17/1/2013,3.009,95.2,299.5
18/1/2013,3.0113,95.31,305.35
22/1/2013,3.0416,96.24,303.05
23/1/2013,3.0387,95.56,303.95
25/1/2013,3.041,96.09,303.25
29/1/2013,3.0679,97.34,304.35
30/1/2013,3.0804,98.03,307.25
31/1/2013,3.105,97.42,305.85
4/2/2013,3.0903,96.12,310.5
5/2/2013,3.0854,96.67,310.2
6/2/2013,3.0957,96.81,312.55
7/2/2013,3.0889,95.9,310.45
8/2/2013,3.0957,95.75,309.85
19/2/2013,3.0996,96.67,302.75
20/2/2013,3.0933,95.56,299.1
21/2/2013,3.1083,92.92,292
22/2/2013,3.0982,93.35,293.4
25/2/2013,3.096,92.1,294.5
26/2/2013,3.099,92.72,290.6
27/2/2013,3.0954,92.84,289.65
28/2/2013,3.0919,91.84,292.3
1/3/2013,3.0923,90.97,286.05
4/3/2013,3.1062,90.22,283.5
5/3/2013,3.1003,90.83,287.25
6/3/2013,3.1019,90.43,287.45
7/3/2013,3.0995,91.41,287.35
8/3/2013,3.1023,91.88,290.05
11/3/2013,3.1086,91.97,290.6
12/3/2013,3.1,92.61,282.7
13/3/2013,3.0266,106.71,273.75
14/3/2013,3.1092,93.18,270.35
15/3/2013,3.1178,93.5,273.45
19/3/2013,3.1187,92.2,271.7
20/3/2013,3.1192,92.96,274.3
21/3/2013,3.119,92.38,278.3
22/3/2013,3.1089,93.87,275.5
25/3/2013,3.0952,94.65,277.24
26/3/2013,3.0928,96.18,275.25
27/3/2013,3.0976,96.72,276.35
28/3/2013,3.0943,97.19,269.35
1/4/2013,3.0274,96.95,266.6
2/4/2013,3.0849,96.92,262.9
3/4/2013,3.0771,94.5,262.65
8/4/2013,3.0581,93.55,251.3
9/4/2013,3.0334,93.97,259.15
10/4/2013,3.0267,94.54,261.55
11/4/2013,3.0319,93.5,258.1
12/4/2013,3.0398,90.66,257.4
15/4/2013,3.0383,87.44,246.65
16/4/2013,3.0372,88.84,236.25
17/4/2013,3.0279,86.4,239.55
18/4/2013,2.9756,88.4,233.1
19/4/2013,3.0323,87.98,234.4
22/4/2013,3.0457,88.76,237.2
23/4/2013,3.0539,89.5,235.95
24/4/2013,3.0456,91.65,237.8
25/4/2013,3.0339,93.28,242.3
26/4/2013,3.0316,92.8,246
2/5/2013,3.0479,94.03,243.35
3/5/2013,3.0316,95.58,248.1
6/5/2013,2.9744,95.78,256.6
7/5/2013,2.9793,95.47,258.9
8/5/2013,2.9596,96.64,254.85
9/5/2013,2.9706,96.18,257.3
10/5/2013,2.9853,95.9,261.35
13/5/2013,2.9932,94.95,264.95
14/5/2013,2.9843,94.17,262.85
15/5/2013,3,94.38,253.55
16/5/2013,3.0083,95.19,246.8
17/5/2013,3.019,96.02,246.1
20/5/2013,3.0107,96.58,251
21/5/2013,3.0158,96.16,253.5
22/5/2013,3.0184,94.09,252.65
23/5/2013,3.0314,94.41,247.65
28/5/2013,3.0384,95.1,241
29/5/2013,3.0766,92.89,242.8
30/5/2013,3.0708,93.59,236.4
31/5/2013,3.0966,91.67,239.9
3/6/2013,3.0961,93.34,238.25
4/6/2013,3.0914,93.84,243.15
5/6/2013,3.08,93.78,242.35
6/6/2013,3.0795,94.75,237.7
7/6/2013,3.0915,96.27,235.45
13/6/2013,3.1292,96.69,227.9
14/6/2013,3.1126,97.81,230.35
17/6/2013,3.1294,97.91,233.8
18/6/2013,3.1518,98.59,229.85
19/6/2013,3.1484,97.92,229.35
20/6/2013,3.1952,95.4,228.95
21/6/2013,3.1722,93.87,224.85
24/6/2013,3.2176,94.94,224.4
25/6/2013,3.1814,95.2,222.95
26/6/2013,3.2008,95.43,222.5
27/6/2013,3.1718,96.82,220.65
28/6/2013,3.1564,96.49,222.85
1/7/2013,3.1613,98.06,222.25
2/7/2013,3.166,99.61,225.55
3/7/2013,3.1829,101.16,223.75
5/7/2013,3.1862,103.56,224.15
8/7/2013,3.2067,103.05,218.7
9/7/2013,3.1837,104.53,218.05
10/7/2013,3.1775,106.12,216.6
11/7/2013,3.1657,104.62,219
12/7/2013,3.1723,106.22,221.1
15/7/2013,3.1875,106.47,216.6
16/7/2013,3.1861,105.86,215.4
17/7/2013,3.1885,106.54,222.55
18/7/2013,3.1913,108.14,223
19/7/2013,3.1917,108.22,224.4
22/7/2013,3.1774,106.91,226.5
23/7/2013,3.1754,107.42,228.1
24/7/2013,3.1844,105.29,226.5
25/7/2013,3.1941,105.59,225.2
26/7/2013,3.2046,104.56,225.9
29/7/2013,3.2221,104.55,220.6
30/7/2013,3.232,103.1,218.95
31/7/2013,3.2429,105.35,219.55
1/8/2013,3.2396,107.8,222.1
2/8/2013,3.255,106.81,223.9
5/8/2013,3.2286,106.45,223.35
6/8/2013,3.2434,105.72,223.65
7/8/2013,3.2516,104.22,226.5
12/8/2013,3.2456,106.14,234.95
13/8/2013,3.256,106.56,239.6
14/8/2013,3.272,106.98,239.9
15/8/2013,3.2742,107.28,239.15
16/8/2013,3.2742,107.64,239
19/8/2013,3.2832,106.94,239.95
20/8/2013,3.2859,104.97,238.25
21/8/2013,3.2889,103.88,236.25
22/8/2013,3.3075,105.19,236.85
23/8/2013,3.2984,106.36,240
26/8/2013,3.3015,106.12,244.3
27/8/2013,3.3277,109.05,243.65
28/8/2013,3.3315,109.5,243.25
29/8/2013,3.3078,108.19,242.15
30/8/2013,3.2839,107.77,241.85
3/9/2013,3.2837,108.47,247.65
4/9/2013,3.2797,107.34,246.7
5/9/2013,3.3021,108.5,247.7
6/9/2013,3.326,110.3,245.7
9/9/2013,3.2898,108.96,248.4
10/9/2013,3.2733,107.31,247.25
11/9/2013,3.2569,107.72,247.5
12/9/2013,3.2746,108.74,244.45
13/9/2013,3.2881,108.58,238.5
17/9/2013,3.244,105.5,238.4
18/9/2013,3.231,108.18,238.2
23/9/2013,3.198,103.38,240.75
24/9/2013,3.2142,103.37,238.6
25/9/2013,3.2195,102.3,236.85
26/9/2013,3.2133,102.88,237.35
27/9/2013,3.2244,102.83,238.45
30/9/2013,3.2547,102.31,233.05
8/10/2013,3.1938,103.53,235.1
9/10/2013,3.1928,101.44,236.3
10/10/2013,3.1889,102.88,234.6
14/10/2013,3.1787,102.14,234.75
16/10/2013,3.1699,102.12,237.65
17/10/2013,3.1454,100.72,240.35
18/10/2013,3.1546,100.75,236.5
21/10/2013,3.1656,99.27,234.95
22/10/2013,3.172,97.8,235.5
23/10/2013,3.1616,97.13,236.4
24/10/2013,3.1565,97.17,233.95
25/10/2013,3.1415,97.97,234.95
28/10/2013,3.1367,98.54,231.3
29/10/2013,3.1443,97.77,230.75
30/10/2013,3.145,96.58,231.65
31/10/2013,3.1586,96.27,231
1/11/2013,3.1689,94.61,226.35
4/11/2013,3.1701,94.47,229.3
6/11/2013,3.1777,94.93,228.25
7/11/2013,3.1816,94.37,229.2
8/11/2013,3.177,94.34,229.15
11/11/2013,3.1975,95.01,231
12/11/2013,3.2084,93.05,229.8
13/11/2013,3.1997,93.48,229.05
14/11/2013,3.1951,93.96,229.75
15/11/2013,3.2023,93.66,231.6
18/11/2013,3.1824,93.03,230.85
19/11/2013,3.1698,93.3,230.45
21/11/2013,3.2029,95.28,229.7
22/11/2013,3.2105,94.79,230.35
25/11/2013,3.216,94.18,230.85
26/11/2013,3.2165,93.5,227.6
27/11/2013,3.211,92.37,227.15
29/11/2013,3.1697,92.79,231.9
2/12/2013,3.149,93.9,234.15
3/12/2013,3.1552,96.9,234.1
4/12/2013,3.1683,97.29,232.85
5/12/2013,3.1513,97.43,230.35
6/12/2013,3.1669,97.75,230.75
9/12/2013,3.1453,97.19,234.55
10/12/2013,3.1461,98.65,235.7
11/12/2013,3.1529,97.43,233.4
12/12/2013,3.181,97.52,232
13/12/2013,3.1709,96.46,233.6
16/12/2013,3.1882,97.35,235.9
17/12/2013,3.252,97.19,233.25
18/12/2013,3.2574,97.58,231.1
19/12/2013,3.2844,98.77,230.75
20/12/2013,3.2946,99.15,230.2
23/12/2013,3.2932,98.72,230.15
24/12/2013,3.2943,99.24,228.2
26/12/2013,3.2925,99.64,229.3
27/12/2013,3.287,100.16,229.25
30/12/2013,3.2935,99.17,229.3
31/12/2013,3.2757,98.69,228.1
2/1/2014,3.2893,95.41,229.9
3/1/2014,3.2808,94.17,225.5
6/1/2014,3.284,93.65,222.8
7/1/2014,3.2835,93.94,220.25
8/1/2014,3.2833,92.52,218.55
9/1/2014,3.2739,92.32,221.45
10/1/2014,3.2728,92.85,219.8
13/1/2014,3.2617,91.53,220.25
15/1/2014,3.2872,94.35,218.9
21/1/2014,3.3316,94.99,217.3
22/1/2014,3.3279,96.67,215.85
23/1/2014,3.3374,97.35,215.35
24/1/2014,3.3495,96.91,213.7
27/1/2014,3.3371,95.66,206.9
28/1/2014,3.3333,97.17,203.8
29/1/2014,3.3357,97.45,198.15
30/1/2014,3.3333,98.03,193.2
7/2/2014,3.3299,100.17,186.15
10/2/2014,3.3398,99.97,189
11/2/2014,3.3278,100.39,192.95
12/2/2014,3.3199,100.28,194.6
13/2/2014,3.3234,100.37,195.4
14/2/2014,3.3057,100.38,194.45
18/2/2014,3.2998,103.16,198.9
19/2/2014,3.294,103.38,198.75
20/2/2014,3.3073,102.92,195.1
21/2/2014,3.2957,102.31,191.25
24/2/2014,3.2829,102.85,188.4
25/2/2014,3.2826,102.03,185.35
26/2/2014,3.2804,102.62,183.95
27/2/2014,3.2754,102.11,181.95
28/2/2014,3.2775,102.71,188.7
3/3/2014,3.2877,104.86,186.65
4/3/2014,3.2702,103.34,188.65
5/3/2014,3.2653,100.95,192.85
6/3/2014,3.2472,101.99,192.9
10/3/2014,3.2833,100.93,188.7
11/3/2014,3.2918,99.51,189.35
12/3/2014,3.2823,98.09,193.45
14/3/2014,3.2755,99.01,197.35
17/3/2014,3.2695,97.99,195.85
18/3/2014,3.2808,99.55,193
19/3/2014,3.2786,100.31,193.3
20/3/2014,3.3048,99.43,192.1
21/3/2014,3.3073,99.62,190.95
24/3/2014,3.3013,99.43,192.05
25/3/2014,3.2966,99.19,193.6
26/3/2014,3.2968,100.28,194.15
27/3/2014,3.2735,101.38,193.05
28/3/2014,3.2613,101.61,191.75
31/3/2014,3.2612,101.53,191.75
1/4/2014,3.2607,99.69,191.55
2/4/2014,3.2716,99.3,191.3
3/4/2014,3.2872,100.45,185.75
4/4/2014,3.2787,101.1,185.95
8/4/2014,3.236,102.34,185.2
9/4/2014,3.2298,103.44,186.25
10/4/2014,3.2245,103.38,184.2
11/4/2014,3.2378,103.35,181.85
14/4/2014,3.2501,103.6,181.4
15/4/2014,3.2477,103.83,180.7
16/4/2014,3.2367,103.81,181.4
17/4/2014,3.2377,104.59,181.6
21/4/2014,3.2516,104.17,173.4
22/4/2014,3.2661,102.13,169.3
23/4/2014,3.2657,101.57,170.65
24/4/2014,3.2682,101.89,171.15
25/4/2014,3.2702,100.69,170.85
28/4/2014,3.2685,100.88,170.8
29/4/2014,3.2579,100.73,173.85
30/4/2014,3.2655,99.7,175
5/5/2014,3.2561,99.38,173.05
6/5/2014,3.2474,99.9,169.8
7/5/2014,3.2506,100.84,167.4
8/5/2014,3.238,100.29,167.7
9/5/2014,3.2252,100.04,166.75
12/5/2014,3.2355,100.61,167.2
14/5/2014,3.2182,102.03,170.4
15/5/2014,3.2276,101.55,172.95
16/5/2014,3.228,102.16,170.35
19/5/2014,3.2107,102.77,172.5
20/5/2014,3.2154,102.44,172.8
21/5/2014,3.2143,103.85,171.95
22/5/2014,3.2188,103.75,173
23/5/2014,3.2107,104.39,171.8
27/5/2014,3.2195,104.16,171.65
28/5/2014,3.2254,103.08,169.9
29/5/2014,3.2127,103.53,170.45
30/5/2014,3.211,102.89,169.4
3/6/2014,3.2291,102.81,166.9
4/6/2014,3.2402,102.4,166.85
5/6/2014,3.2294,102.45,166.05
6/6/2014,3.2098,102.77,166.5
9/6/2014,3.1971,104.51,167.1
10/6/2014,3.2058,104.29,166.6
11/6/2014,3.2124,104.48,166.95
12/6/2014,3.207,106.86,169
13/6/2014,3.218,106.67,168.55
16/6/2014,3.2255,106.62,168.75
17/6/2014,3.2207,106.62,168.65
18/6/2014,3.2328,106.15,169.55
19/6/2014,3.2162,106.6,173.6
20/6/2014,3.2223,107.26,173.6
23/6/2014,3.2192,106.03,177.6
24/6/2014,3.2121,105.93,179.35
25/6/2014,3.224,106.81,179
26/6/2014,3.2194,105.66,179.25
27/6/2014,3.2122,105.75,178.65
30/6/2014,3.2121,105.53,177.45
1/7/2014,3.2065,105.22,176.4
2/7/2014,3.2039,104.22,175.7
3/7/2014,3.1944,104.02,174.7
7/7/2014,3.188,103.38,169.6
8/7/2014,3.17,103.47,168
9/7/2014,3.171,101.95,168.25
10/7/2014,3.1775,102.87,167.9
11/7/2014,3.183,100.53,167.85
14/7/2014,3.1817,101.02,167.95
16/7/2014,3.186,101.52,166.5
17/7/2014,3.1753,103.75,168.05
18/7/2014,3.1821,102.94,169.8
21/7/2014,3.1749,104.66,170
22/7/2014,3.177,104.42,168.75
23/7/2014,3.1672,103.25,168.2
24/7/2014,3.1802,102.02,170.15
25/7/2014,3.1736,101.91,169.05
30/7/2014,3.1849,99.45,171.2
31/7/2014,3.1975,97.64,170.8
1/8/2014,3.2156,97.59,170.1
4/8/2014,3.1998,98.4,170.05
5/8/2014,3.1872,97.58,169.55
6/8/2014,3.2042,96.84,168.6
7/8/2014,3.2082,97.63,168.75
8/8/2014,3.1937,97.41,168.6
11/8/2014,3.1987,97.84,169
12/8/2014,3.19,97.19,168.05
13/8/2014,3.191,97.36,166.75
14/8/2014,3.1746,95.51,166.4
15/8/2014,3.1542,97.19,166.05
18/8/2014,3.1486,96.61,165.1
19/8/2014,3.1555,94.66,164.75
20/8/2014,3.1743,96.07,164.55
21/8/2014,3.1642,93.91,164.95
22/8/2014,3.1615,93.45,166.65
25/8/2014,3.161,93.38,167
26/8/2014,3.1591,93.83,165.9
27/8/2014,3.1463,93.69,165.4
28/8/2014,3.1546,94.6,165.2
29/8/2014,3.1635,95.86,163.45
2/9/2014,3.1803,93.28,163.2
3/9/2014,3.1806,95.09,162.4
4/9/2014,3.1779,94.56,162.8
5/9/2014,3.1753,93.42,161.45
9/9/2014,3.2014,92.75,157.25
10/9/2014,3.1965,91.7,152.6
11/9/2014,3.1919,93.06,150.7
12/9/2014,3.1963,92.16,152.15
15/9/2014,3.2253,92.81,151.65
17/9/2014,3.2173,94,154.05
18/9/2014,3.2281,93.05,153.35
19/9/2014,3.2369,92.42,152.85
22/9/2014,3.2461,91.52,149.95
23/9/2014,3.2432,91.74,146.15
24/9/2014,3.2425,92.87,146.6
25/9/2014,3.2514,92.47,145.3
26/9/2014,3.2584,93.41,145.95
29/9/2014,3.2804,94.31,146
30/9/2014,3.2825,91.35,146.7
8/10/2014,3.27,87.7,143.05
9/10/2014,3.2516,84.33,143.6
10/10/2014,3.267,85.52,143.55
13/10/2014,3.2581,85.01,147.25
15/10/2014,3.2755,80.92,147.3
16/10/2014,3.279,83.09,146.6
17/10/2014,3.274,83,149.9
20/10/2014,3.2722,82.72,154.05
21/10/2014,3.2625,82.81,155.7
23/10/2014,3.2737,81.91,157.2
24/10/2014,3.2764,81.31,159.7
27/10/2014,3.2748,80.65,161.5
28/10/2014,3.2728,81.61,159
29/10/2014,3.2736,81.95,160.5
30/10/2014,3.2891,80.99,160.3
31/10/2014,3.2898,80.65,160.2
3/11/2014,3.3318,78.22,157.25
4/11/2014,3.3379,77.36,153.4
5/11/2014,3.3493,78.95,150.3
6/11/2014,3.3462,77.84,147.45
7/11/2014,3.3445,78.44,151
10/11/2014,3.33,77.19,153.65
11/11/2014,3.3465,77.53,152.9
12/11/2014,3.3356,76.89,154.7
13/11/2014,3.3358,74.25,155.5
14/11/2014,3.3475,75.96,155.2
17/11/2014,4.3757,41.06,153.7
18/11/2014,3.3602,74.25,150.5
19/11/2014,3.3615,74.32,151.65
20/11/2014,3.3611,75.58,153.8
21/11/2014,3.3611,76.65,153.3
24/11/2014,3.3611,75.49,151.9
25/11/2014,3.3611,73.87,151.55
26/11/2014,3.3516,73.47,152.35
28/11/2014,3.3955,66.05,151.3
1/12/2014,3.4257,69.24,147.75
2/12/2014,3.4257,67.59,148.55
3/12/2014,3.4257,67.37,148.3
4/12/2014,3.4257,66.75,148.8
5/12/2014,3.4981,65.68,148.1
8/12/2014,3.4824,63.03,145.85
9/12/2014,3.4781,63.36,143.4
10/12/2014,3.4257,61.19,143.25
11/12/2014,3.4913,59.11,143.1
12/12/2014,3.494,57.51,143.65
15/12/2014,3.4965,55.4,147.1
16/12/2014,3.494,55.62,148.85
17/12/2014,3.4617,55.81,148.75
18/12/2014,3.4715,55.55,148.75
19/12/2014,3.4529,56.52,148.1
22/12/2014,3.5035,55.31,148.1
23/12/2014,3.4878,56.77,147.2
24/12/2014,3.495,55.89,146.5
26/12/2014,3.4881,55.13,147.05
29/12/2014,3.4973,53.72,147.6
30/12/2014,3.498,53.89,149.05
31/12/2014,3.496,53.78,151.95
5/1/2015,3.5515,49.91,152.3
6/1/2015,3.5705,48.03,150.65
7/1/2015,3.574,48.78,148.95
8/1/2015,3.5516,48.97,145.4
9/1/2015,3.5468,48.2,144.45
12/1/2015,3.5753,45.7,145.75
13/1/2015,3.5738,46.13,142.75
14/1/2015,3.573,48.62,139.85
15/1/2015,3.564,46.24,139.5
16/1/2015,3.554,48.47,139.9
20/1/2015,3.6063,46.39,139.05
21/1/2015,3.615,47.35,136.4
22/1/2015,3.5955,46.51,139.9
23/1/2015,3.5872,45.33,140.6
26/1/2015,3.601,45.09,138.8
27/1/2015,4.2398,32.17,139.85
28/1/2015,3.6025,44.4,140.95
29/1/2015,3.6295,44.6,139.65
30/1/2015,3.6317,47.77,138.45
4/2/2015,3.5905,48.7,140.85
5/2/2015,3.5344,50.78,140.05
6/2/2015,3.5535,52.2,141.85
9/2/2015,3.554,52.44,141.05
10/2/2015,3.5711,50.97,140.8
11/2/2015,3.6157,49.37,139.55
12/2/2015,3.5895,51.25,138.5
13/2/2015,3.579,52.53,141.8
17/2/2015,3.5816,53.23,141.95
25/2/2015,3.606,51.07,140
26/2/2015,3.6045,48.92,141.55
27/2/2015,3.608,49.41,143.2
2/3/2015,3.6323,49.76,142.2
3/3/2015,3.6284,50.63,141.15
4/3/2015,3.659,51.64,141.5
5/3/2015,3.6603,50.92,141.25
6/3/2015,3.6824,49.81,142.2
9/3/2015,3.6827,50.03,139.06
10/3/2015,3.7195,48.71,140.25
11/3/2015,3.697,48.4,138.6
12/3/2015,3.6879,46.94,141.75
13/3/2015,3.702,44.98,141
16/3/2015,3.6922,43.86,139.85
17/3/2015,3.6986,42.44,141.15
18/3/2015,3.6475,44.7,141.5
19/3/2015,3.7035,44.3,142
20/3/2015,3.705,45.72,142
23/3/2015,3.6515,47.41,142.2
24/3/2015,3.6534,47.65,144.65
25/3/2015,3.6755,48.98,142.25
26/3/2015,3.668,50.97,141.8
27/3/2015,3.682,48.34,141.65
30/3/2015,3.7103,48.73,140.35
31/3/2015,3.7055,47.52,141.1
1/4/2015,3.671,49.61,141.6
2/4/2015,3.6521,49.52,140.75
7/4/2015,3.6405,53.27,138.65
8/4/2015,3.6263,50.94,138.4
9/4/2015,3.637,50.73,136.75
10/4/2015,3.6705,51.79,136.9
13/4/2015,3.7075,52,137.05
14/4/2015,3.698,53.49,137.05
15/4/2015,3.6705,55.96,137
16/4/2015,3.6279,56.55,138.9
17/4/2015,3.6331,56.12,139.85
20/4/2015,3.628,56.66,138.1
21/4/2015,3.6263,55.26,138.1
22/4/2015,3.6121,56.25,139.3
23/4/2015,3.6005,57.47,140.3
24/4/2015,3.5678,57.45,141.2
27/4/2015,3.5428,56.68,143.3
28/4/2015,3.5272,56.96,144.85
29/4/2015,3.5344,58.6,144.1
30/4/2015,3.5688,59.74,144.05
5/5/2015,3.584,60.67,146.6
6/5/2015,3.5636,60.62,151
7/5/2015,3.5998,58.98,151.4
8/5/2015,3.5819,59.45,150.2
11/5/2015,3.6085,59.3,151.8
12/5/2015,3.6006,61.17,150.85
13/5/2015,3.5846,60.11,152.6
14/5/2015,3.5568,59.7,150.55
15/5/2015,3.5559,59.84,151.15
18/5/2015,3.5805,59.7,151.8
19/5/2015,3.6125,57.26,151
20/5/2015,3.5891,58.76,148.25
21/5/2015,3.5896,60.67,149.9
22/5/2015,3.5995,59.97,151.5
26/5/2015,3.6372,58.33,153.7
27/5/2015,3.643,57.59,156.65
28/5/2015,3.649,57.98,160.35
29/5/2015,3.6485,60.3,161.25
1/6/2015,3.6874,60.21,162.75
2/6/2015,3.6741,61.05,162.75
3/6/2015,3.678,59.62,163
4/6/2015,3.7113,57.99,160.7
5/6/2015,3.7514,58.92,160.35
8/6/2015,3.7322,58.31,158.2
9/6/2015,3.7415,60.53,157.2
10/6/2015,3.7143,61.11,158.3
11/6/2015,3.7311,60.53,159.8
12/6/2015,3.7421,59.97,158.95
15/6/2015,3.7585,59.61,156.55
16/6/2015,3.7413,60.05,158.15
17/6/2015,3.7257,59.8,158.1
18/6/2015,3.692,60.51,157.45
19/6/2015,3.738,59.28,157.05
23/6/2015,3.7434,61.11,156.15
24/6/2015,3.75,60.22,156.6
25/6/2015,3.7523,59.65,155.55
26/6/2015,3.7675,59.58,155
29/6/2015,3.7695,58.25,153.2
30/6/2015,3.7515,59,148.5
1/7/2015,3.765,56.84,150.75
6/7/2015,3.8195,52.68,148.45
7/7/2015,3.8198,52.91,147.7
8/7/2015,3.795,51.86,140.65
9/7/2015,3.7804,52.55,142
10/7/2015,3.792,52.81,145.1
13/7/2015,3.8035,52.03,143.15
14/7/2015,3.79,53.37,143.45
15/7/2015,3.7916,51.62,143.75
16/7/2015,3.794,50.98,144.65
20/7/2015,3.8141,49.88,145.75
21/7/2015,3.78,50.36,146.45
22/7/2015,3.8079,49.19,147.5
23/7/2015,3.8095,48.81,146
24/7/2015,3.815,47.97,142.5
27/7/2015,3.816,47,139.7
28/7/2015,3.8013,47.8,137.7
29/7/2015,3.8015,48.89,139.95
30/7/2015,3.816,48.45,140.2
31/7/2015,3.823,46.77,140
3/8/2015,3.8523,45.31,136.8
4/8/2015,3.8685,45.98,131.9
5/8/2015,3.875,45.16,133.85
6/8/2015,3.904,44.83,135.1
7/8/2015,3.9205,43.79,133.85
11/8/2015,3.979,43.23,135.6
12/8/2015,3.974,43.36,131.1
13/8/2015,4.025,42.22,133.5
14/8/2015,4.054,42.16,133.65
17/8/2015,4.09,41.86,132.3
18/8/2015,4.083,42.42,131.25
19/8/2015,4.091,40.5,131.15
20/8/2015,4.0975,41.14,129.85
21/8/2015,4.1505,40.35,129.9
24/8/2015,4.221,38.13,124.55
25/8/2015,4.2165,39.58,124.15
26/8/2015,4.1904,38.89,123.6
27/8/2015,4.168,42.81,126.45
28/8/2015,4.157,45.4,128.5
1/9/2015,4.185,44.17,128.55
2/9/2015,4.205,46.06,123.95
3/9/2015,4.2245,46.67,124.05
8/9/2015,4.2915,45.75,124.55
9/9/2015,4.3325,44.09,127.6
10/9/2015,4.293,45.7,125.95
11/9/2015,4.287,44.78,128.6
14/9/2015,4.3095,44.16,129
15/9/2015,4.2615,45.16,126
16/9/2015,4.2115,47.18,126.15
18/9/2015,4.209,44.77,126.35
21/9/2015,4.2585,45.57,123.9
22/9/2015,4.31,45.83,124.75
23/9/2015,4.38,44.62,123.3
25/9/2015,4.3928,45.44,126.35
28/9/2015,4.4123,44.45,124.65
29/9/2015,4.456,44.86,122.85
30/9/2015,4.3855,45.41,124.85
1/10/2015,4.4175,45.05,127
2/10/2015,4.3825,45.66,123
8/10/2015,4.1135,49.65,128.85
9/10/2015,4.1275,49.53,127.85
12/10/2015,4.1395,47.44,128.8
13/10/2015,4.2015,46.6,128.15
15/10/2015,4.1025,46.95,129.55
16/10/2015,4.171,47.27,128.25
19/10/2015,4.283,46.08,126.95
20/10/2015,4.277,45.55,125.75
21/10/2015,4.2975,45.2,124.4
22/10/2015,4.2205,45.42,125.05
23/10/2015,4.2485,44.72,127
26/10/2015,4.2385,43.77,125.5
27/10/2015,4.28,43.42,122.65
28/10/2015,4.2685,46.19,119
29/10/2015,4.2205,45.72,124.55
30/10/2015,4.221,46.42,123.15
2/11/2015,4.291,46.08,121.35
3/11/2015,4.233,47.7,118.55
4/11/2015,4.299,46.54,118.25
5/11/2015,4.2925,45.32,117.4
6/11/2015,4.357,44.55,116.65
9/11/2015,4.383,44.1,115.95
11/11/2015,4.3375,42.99,118.9
12/11/2015,4.3795,41.61,119
13/11/2015,4.3815,40.75,120.15
16/11/2015,4.363,42.04,119.1
18/11/2015,4.324,40.59,116.4
19/11/2015,4.2775,40.53,117.3
20/11/2015,4.2585,40.39,118.35
23/11/2015,4.2625,42.03,116.85
24/11/2015,4.205,42.64,114.15
25/11/2015,4.1985,43.2,116.8
27/11/2015,4.263,41.76,117.1
30/11/2015,4.248,41.69,115.55
1/12/2015,4.218,41.66,116.85
2/12/2015,4.245,40.1,118.65
3/12/2015,4.2065,41.28,117.05
4/12/2015,4.182,40.15,117.8
7/12/2015,4.27,37.64,118.9
8/12/2015,4.2633,37.84,117.7
9/12/2015,4.2514,37.23,119
10/12/2015,4.261,36.56,118.35
11/12/2015,4.3195,35.36,116.5
14/12/2015,4.342,36.25,116.65
15/12/2015,4.295,36.74,116.2
16/12/2015,4.2655,35.72,114.85
18/12/2015,4.2735,34.49,114.95
21/12/2015,4.292,34.74,116.7
22/12/2015,4.294,36.45,117.9
23/12/2015,4.291,37.89,117.65
28/12/2015,4.2932,36.69,115.75
29/12/2015,4.281,37.36,114.2
30/12/2015,4.3052,36.8,113.9
31/12/2015,4.294,37.11,113.35
5/1/2016,4.3555,36.12,110.05
6/1/2016,4.415,34.04,108.95
7/1/2016,4.402,33.27,106.8
8/1/2016,4.408,32.91,107.8
11/1/2016,4.3885,31.12,107.6
12/1/2016,4.393,30.57,106.8
13/1/2016,4.3855,30.55,108.3
14/1/2016,4.3805,31.22,108.75
15/1/2016,4.4205,29.71,109.05
19/1/2016,4.3658,28.38,108.7
20/1/2016,4.383,26.55,109.35
21/1/2016,4.3415,29.85,110.3
22/1/2016,4.2575,32.25,111.85
26/1/2016,4.2523,30.52,110.35
28/1/2016,4.1575,33.75,108.7
29/1/2016,4.132,33.75,108.85
2/2/2016,4.1965,29.66,109.4
3/2/2016,4.141,32.72,108.5
4/2/2016,4.087,31.66,110.7
5/2/2016,4.154,30.99,109.75
16/2/2016,4.1913,29.12,111.45
17/2/2016,4.161,31.43,110.2
18/2/2016,4.168,30.7,109.55
19/2/2016,4.2008,29.87,109.85
22/2/2016,4.1715,31.48,111.45
23/2/2016,4.21,31.4,112.75
24/2/2016,4.2175,32.21,112.65
25/2/2016,4.2043,33.07,114.85
26/2/2016,4.1585,32.79,113.75
1/3/2016,4.119,33.85,114.95
2/3/2016,4.129,34.74,117.6
3/3/2016,4.1135,34.69,122.4
4/3/2016,4.0545,36.31,129.95
7/3/2016,4.0575,37.97,136.45
8/3/2016,4.1095,36.36,132.55
9/3/2016,4.102,38.2,129.8
10/3/2016,4.119,38.02,129.4
11/3/2016,4.0648,38.48,126.25
14/3/2016,4.1085,37.36,126.8
15/3/2016,4.1563,36.77,122.9
16/3/2016,4.0525,38.55,124.65
17/3/2016,4.0235,40.34,128.05
18/3/2016,4.0435,40.53,135.9
21/3/2016,4.0325,39.91,132.9
22/3/2016,3.9718,41.24,134.55
23/3/2016,4.0275,39.77,134.45
24/3/2016,4.0155,39.52,130.4
28/3/2016,4.003,39.33,133.3
29/3/2016,3.9625,38.49,131.75
30/3/2016,3.9095,38.29,130.05
31/3/2016,3.8635,38.12,130.95
1/4/2016,3.8825,36.7,133.1
5/4/2016,3.9343,36.57,136.8
6/4/2016,3.866,37.73,142.1
7/4/2016,3.9395,37.48,140.9
8/4/2016,3.9111,39.67,140
11/4/2016,3.845,40.35,145.2
12/4/2016,3.8435,41.66,149.9
13/4/2016,3.8563,41.55,154.7
14/4/2016,3.8702,41.45,153.9
15/4/2016,3.898,40.41,152.8
18/4/2016,3.8935,40.05,152.15
19/4/2016,3.8244,41.26,152.1
20/4/2016,3.8765,42.63,156.3
21/4/2016,3.8978,43.43,157.7
22/4/2016,3.9058,43.72,159.3
25/4/2016,3.9103,42.98,155.9
26/4/2016,3.9053,44.67,158.95
27/4/2016,3.892,45.32,157.7
28/4/2016,3.878,45.87,154.75
29/4/2016,3.914,46,150.45
3/5/2016,3.9795,43.86,149.7
4/5/2016,4.0178,44.05,148.2
6/5/2016,3.993,44.61,145.1
9/5/2016,4.0525,43.26,144.6
10/5/2016,4.0385,44.55,143.15
11/5/2016,4.0168,46.01,144.35
12/5/2016,4.0235,46.43,145.35
13/5/2016,4.0328,46.35,141.25
16/5/2016,4.0158,47.89,141.3
17/5/2016,4.019,48.56,139.4
18/5/2016,4.066,47.98,139.6
19/5/2016,4.078,48.49,133.35
20/5/2016,4.0658,47.47,128.75
23/5/2016,4.0465,48.11,124.4
24/5/2016,4.0815,49.14,121.85
25/5/2016,4.067,49.7,125.05
26/5/2016,4.0555,49.37,124.2
27/5/2016,4.089,49.55,126.3
31/5/2016,4.1165,48.87,130.4
1/6/2016,4.1515,48.92,126.8
2/6/2016,4.143,49.02,125.15
3/6/2016,4.077,48.85,128.15
6/6/2016,4.059,49.73,128.7
7/6/2016,4.0555,50.42,127.25
8/6/2016,4.0213,51.5,127.5
13/6/2016,4.0865,48.57,127.1
14/6/2016,4.099,47.88,125.5
15/6/2016,4.0737,47.46,123.15
16/6/2016,4.0928,46.01,123.4
17/6/2016,4.083,48.22,127.55
20/6/2016,4.06,49.3,129.95
21/6/2016,4.029,48.85,129.6
23/6/2016,3.9503,50.18,128.85
24/6/2016,4.0863,47.61,127.8
27/6/2016,4.093,46.62,127.8
28/6/2016,4.0535,48.08,128.05
29/6/2016,3.983,49.53,128.55
30/6/2016,3.985,48.38,131.4
1/7/2016,3.9855,49.26,129.55
5/7/2016,4.0358,46.85,131.25
11/7/2016,3.9815,44.54,125.15
12/7/2016,3.9585,46.62,128.05
13/7/2016,3.9435,45.11,128.8
14/7/2016,3.9099,45.49,129.2
15/7/2016,3.916,46.26,129.35
18/7/2016,3.96,45.22,127.95
19/7/2016,4.0143,44.47,128.05
20/7/2016,4.0337,44.94,128.95
21/7/2016,4.0617,44.53,129.8
22/7/2016,4.0722,44.27,130.6
25/7/2016,4.0535,43.05,127.85
26/7/2016,4.0313,42.65,127.3
27/7/2016,4.0475,41.89,128.7
28/7/2016,4.0318,41.11,128.9
29/7/2016,4.0188,41.38,127.3
1/8/2016,4.031,40.05,128.05
2/8/2016,4.021,39.72,129.35
3/8/2016,4.041,41.19,130.25
4/8/2016,4.0115,41.78,128.95
5/8/2016,4.03,41.98,130.7
8/8/2016,4.035,42.87,131.1
9/8/2016,4.0275,42.73,130.6
10/8/2016,4.0057,41.48,130
11/8/2016,3.9825,43.41,131.7
12/8/2016,4.011,44.73,131.95
15/8/2016,3.9897,45.68,133.6
16/8/2016,3.9817,46.39,134.1
17/8/2016,3.9933,46.9,133.85
18/8/2016,3.9797,48.34,131.95
19/8/2016,4.011,48.48,131.9
22/8/2016,4.018,47.05,130.45
23/8/2016,4.0377,47.57,129.5
24/8/2016,4.032,46.78,128.9
25/8/2016,4.019,47.38,126.6
26/8/2016,4.038,47.3,127.25
29/8/2016,4.037,46.95,127.95
30/8/2016,4.0645,46.27,128.8
1/9/2016,4.085,43.51,128.6
2/9/2016,4.0835,44.24,131.5
6/9/2016,4.0485,44.88,131.8
7/9/2016,4.046,46.14,131.7
8/9/2016,4.0738,47.31,133.05
9/9/2016,4.1018,45.72,133.7
13/9/2016,4.127,44.97,130.65
14/9/2016,4.127,43.62,132.6
19/9/2016,4.1325,43.25,135.65
20/9/2016,4.134,43.44,139.85
21/9/2016,4.0987,45.63,142.6
22/9/2016,4.1065,46.09,147.7
23/9/2016,4.114,44.61,146.6
26/9/2016,4.1335,45.64,145.85
27/9/2016,4.131,44.92,138.45
28/9/2016,4.1038,47.17,138.9
29/9/2016,4.1309,47.73,140.1
30/9/2016,4.1242,48.05,137.6
10/10/2016,4.1301,51.14,147.15
11/10/2016,4.1723,50.84,152.9
12/10/2016,4.1955,50.03,153.15
13/10/2016,4.1967,50.52,150.85
14/10/2016,4.2093,50.33,153.25
17/10/2016,4.2126,50.06,154.1
18/10/2016,4.1933,50.75,153.3
19/10/2016,4.1665,51.72,150.65
20/10/2016,4.1768,50.43,145.5
21/10/2016,4.1806,50.95,143.7
24/10/2016,4.1685,50.46,148.45
25/10/2016,4.1511,49.33,149.55
26/10/2016,4.1593,49.19,146.45
27/10/2016,4.1963,49.61,149.85
28/10/2016,4.2008,48.66,150.4
31/10/2016,4.1935,46.72,148.9
1/11/2016,4.184,46.39,150.85
2/11/2016,4.1801,45.49,147.8
3/11/2016,4.1748,44.65,148.2
4/11/2016,4.2076,44.14,148.95
7/11/2016,4.2091,44.95,153.3
8/11/2016,4.1771,44.83,159
9/11/2016,4.2496,45.34,158.8
10/11/2016,4.3546,44.32,161.05
11/11/2016,4.4038,43.16,168.45
14/11/2016,4.3168,43.71,167.15
15/11/2016,4.3268,45.77,169.4
16/11/2016,4.3638,45.36,173.2
17/11/2016,4.3916,44.94,173.95
18/11/2016,4.414,45.5,168.8
21/11/2016,4.414,47.49,173.8
22/11/2016,4.4175,47.87,180.2
23/11/2016,4.3975,47.94,177.7
25/11/2016,4.4415,45.96,174.45
28/11/2016,4.459,46.92,178.95
29/11/2016,4.4598,45.27,178.95
30/11/2016,4.4675,49,173.55
1/12/2016,4.46,50.87,175.05
2/12/2016,4.4599,51.67,171.1
5/12/2016,4.446,50.96,176.85
6/12/2016,4.4165,50.91,174.85
7/12/2016,4.416,49.85,175.65
8/12/2016,4.421,50.93,179.1
9/12/2016,4.421,51.48,180.05
13/12/2016,4.428,52.45,204.9
14/12/2016,4.4435,50.78,204.65
15/12/2016,4.462,51.06,215.4
16/12/2016,4.4735,52.03,210.2
19/12/2016,4.4755,52.03,203.6
20/12/2016,4.477,52.23,196.3
21/12/2016,4.477,52.5,199.7
22/12/2016,4.48,52.64,199.05
23/12/2016,4.4715,53.24,195.65
27/12/2016,4.476,53.85,186.75
28/12/2016,4.4795,53.66,193.9
29/12/2016,4.4825,53.86,194
30/12/2016,4.4835,53.89,197
3/1/2017,4.49,52.48,205.9
4/1/2017,4.495,53.35,199.2
5/1/2017,4.471,53.76,203.75
6/1/2017,4.4705,53.69,199.5
9/1/2017,4.4745,51.77,205.25
10/1/2017,4.472,50.77,211.05
11/1/2017,4.469,52.39,217.05
12/1/2017,4.4275,53.05,222.85
13/1/2017,4.46,52.53,222.85
17/1/2017,4.46,52.53,225.95
18/1/2017,4.4675,51.44,223.05
19/1/2017,4.4475,51.47,225.3
20/1/2017,4.4445,52.48,216.6
23/1/2017,4.4355,52.84,215.2
24/1/2017,4.433,52.92,215.8
25/1/2017,4.4188,52.94,221.25
26/1/2017,4.4275,53.73,227.9
3/2/2017,4.4255,53.84,222.1
6/2/2017,4.4275,53.12,224.45
7/2/2017,4.4345,51.69,219.15
8/2/2017,4.4375,52.39,223.4
10/2/2017,4.4363,53.84,219.3
13/2/2017,4.4498,52.88,232.65
14/2/2017,4.4475,53.03,231.3
15/2/2017,4.4465,53.01,227.7
16/2/2017,4.4505,53.43,229.4
17/2/2017,4.451,53.38,218.3
21/2/2017,4.455,54.06,220.55
22/2/2017,4.4513,53.88,214.55
23/2/2017,4.443,54.39,215.4
24/2/2017,4.4375,54,205.95
27/2/2017,4.4375,54.03,212.1
28/2/2017,4.4375,53.99,204.05
1/3/2017,4.446,53.67,209.15
2/3/2017,4.4445,52.59,207.95
3/3/2017,4.452,53.2,210.85
6/3/2017,4.4495,53.18,215.25
7/3/2017,4.4445,52.77,207.4
8/3/2017,4.452,50.19,199.95
9/3/2017,4.46,49.62,197.35
10/3/2017,4.4505,48.38,201
13/3/2017,4.445,48.44,199.75
14/3/2017,4.4475,48.48,201.45
15/3/2017,4.441,48.98,201.05
16/3/2017,4.437,48.8,197.15
17/3/2017,4.435,48.68,203.35
20/3/2017,4.425,48.2,205.2
21/3/2017,4.423,47.34,198.95
22/3/2017,4.4245,48.12,190.5
23/3/2017,4.4265,47.67,192.65
24/3/2017,4.423,48.13,190.2
27/3/2017,4.4095,47.84,181.4
28/3/2017,4.41,48.45,185.55
29/3/2017,4.4175,49.6,182.35
30/3/2017,4.419,50.36,177.75
31/3/2017,4.423,50.79,183.45
5/4/2017,4.43,50.84,185.2
6/4/2017,4.434,51.74,185.8
7/4/2017,4.434,52.33,175.6
10/4/2017,4.4325,53.15,171.65
11/4/2017,4.431,53.41,166.8
12/4/2017,4.425,52.84,159.65
13/4/2017,4.41,52.93,162.75
17/4/2017,4.4025,52.73,161.25
18/4/2017,4.409,52.33,159
19/4/2017,4.399,50.62,149.75
20/4/2017,4.396,50.27,152.1
21/4/2017,4.397,49.63,159.85
25/4/2017,4.369,49.38,159.9
26/4/2017,4.345,49.18,157.5
27/4/2017,4.345,49.23,152.6
28/4/2017,4.3395,49.2,158.9
2/5/2017,4.3255,48.06,160.5
3/5/2017,4.3175,47.56,162.75
4/5/2017,4.3265,45.48,151.55
5/5/2017,4.335,46.47,148.75
8/5/2017,4.335,46.5,148.4
9/5/2017,4.344,46.18,146.25
11/5/2017,4.346,47.81,148.95
12/5/2017,4.344,47.86,148.75
15/5/2017,4.321,48.82,150.25
16/5/2017,4.315,48.25,153
17/5/2017,4.3205,48.94,155.45
18/5/2017,4.3255,49.36,152.45
19/5/2017,4.32,50.49,155.8
22/5/2017,4.302,50.73,156.5
23/5/2017,4.291,51.51,157.9
24/5/2017,4.296,51.3,153.75
25/5/2017,4.276,48.67,151.8
26/5/2017,4.267,49.84,155.9
31/5/2017,4.2883,48.63,148.85
1/6/2017,4.2855,48.01,145.1
2/6/2017,4.2775,47.77,144.75
5/6/2017,4.261,47.4,144.4
6/6/2017,4.27,47.98,138.8
7/6/2017,4.259,45.77,138.75
8/6/2017,4.26,45.69,140.8
9/6/2017,4.2625,45.94,142.5
13/6/2017,4.2615,45.95,140.45
14/6/2017,4.2555,44.66,143.75
15/6/2017,4.265,44.25,146.35
16/6/2017,4.274,44.7,146.9
19/6/2017,4.275,44.1,145.7
20/6/2017,4.2815,43.23,140.9
21/6/2017,4.2845,42.5,138.85
22/6/2017,4.2845,42.77,139.1
23/6/2017,4.2861,43.12,138.1
28/7/2017,4.279,49.77,142.65
3/7/2017,4.2955,47.05,153.7
5/7/2017,4.295,45.62,147.95
6/7/2017,4.2955,45.33,146.85
7/7/2017,4.2965,44.33,146.9
10/7/2017,4.295,44.55,145.85
11/7/2017,4.295,45.76,145.15
12/7/2017,4.29,45.42,149.35
13/7/2017,4.29,46.08,148.15
14/7/2017,4.29,46.64,147.7
17/7/2017,4.2853,45.98,151.15
18/7/2017,4.284,46.25,152.15
19/7/2017,4.284,47.16,151.2
20/7/2017,4.289,46.79,161.7
21/7/2017,4.2825,45.59,155.85
24/7/2017,4.275,46.45,153.8
25/7/2017,4.2795,48.58,155.45
26/7/2017,4.282,48.72,151.8
27/7/2017,4.275,49.14,152.6
31/7/2017,4.279,50.19,144.8
1/8/2017,4.284,48.78,147.3
2/8/2017,4.285,49.58,145.2
3/8/2017,4.2775,48.93,148.35
4/8/2017,4.277,49.52,150.45
7/8/2017,4.2795,49.33,150.8
8/8/2017,4.283,48.97,150.5
9/8/2017,4.2865,49.69,151.75
10/8/2017,4.289,48.52,156.5
11/8/2017,4.2925,48.8,152.05
14/8/2017,4.291,47.52,151.6
15/8/2017,4.2935,47.7,152.45
16/8/2017,4.2925,46.78,154
17/8/2017,4.293,46.95,157.6
18/8/2017,4.287,48.63,153.9
21/8/2017,4.2845,47.63,156.3
22/8/2017,4.2785,47.64,153.9
23/8/2017,4.275,48.39,153.5
24/8/2017,4.277,47.59,153.45
25/8/2017,4.27,47.83,155.4
28/8/2017,4.2655,46.78,156.2
29/8/2017,4.265,46.31,153.95
30/8/2017,4.269,45.94,155.9
5/9/2017,4.2545,48.5,165.15
6/9/2017,4.236,49.09,169.85
7/9/2017,4.207,49.04,169.45
8/9/2017,4.1925,47.49,169.55
11/9/2017,4.195,48.02,167.45
12/9/2017,4.2045,48.25,167.65
13/9/2017,4.1935,49.19,170.4
14/9/2017,4.204,49.72,168.1
15/9/2017,4.1875,49.8,163.35
18/9/2017,4.187,49.95,156.05
19/9/2017,4.19,49.79,154.5
20/9/2017,4.187,50.3,151.6
21/9/2017,4.196,50.31,151.5
25/9/2017,4.2,51.73,152.85
26/9/2017,4.204,51.74,155.1
27/9/2017,4.219,51.75,153.75
28/9/2017,4.225,51.28,142.85
29/9/2017,4.22,51.34,141.95
9/10/2017,4.2285,49.43,146.45
10/10/2017,4.217,50.74,145.65
11/10/2017,4.213,50.97,143.55
12/10/2017,4.2195,50.6,141.7
13/10/2017,4.22,51.31,144.05
16/10/2017,4.2141,51.79,144.5
17/10/2017,4.2205,51.98,141.1
19/10/2017,4.2205,51.39,145.35
20/10/2017,4.2225,51.84,143
23/10/2017,4.236,51.72,141.25
24/10/2017,4.231,52.27,142.6
25/10/2017,4.2315,51.95,143.85
26/10/2017,4.2333,52.5,143.75
27/10/2017,4.24,54,143.8
30/10/2017,4.23,53.91,142.8
31/10/2017,4.2291,54.43,137.65
1/11/2017,4.229,54.11,144.05
2/11/2017,4.232,54.79,142.35
3/11/2017,4.2335,55.59,141.35
6/11/2017,4.227,57.12,144.8
7/11/2017,4.2265,56.91,145.3
8/11/2017,4.2253,56.77,144.65
9/11/2017,4.205,56.96,143.55
10/11/2017,4.1905,56.81,141.25
13/11/2017,4.189,56.67,143.95
14/11/2017,4.151,56.95,144.15
15/11/2017,4.175,55.25,138.8
16/11/2017,4.1691,55.17,138.4
17/11/2017,4.153,56.61,137.65
20/11/2017,4.138,56.16,140.45
21/11/2017,4.1363,56.88,138.8
22/11/2017,4.109,57.79,139.25
23/11/2017,4.1057,58.22,142.1
24/11/2017,4.1112,58.68,140.6
27/11/2017,4.1067,57.71,140.6
28/11/2017,4.099,57.56,140.5
29/11/2017,4.0883,57.23,142.25
30/11/2017,4.087,57.24,139.7
4/12/2017,4.0598,57.35,147.4
5/12/2017,4.0608,57.34,148.35
6/12/2017,4.073,55.99,144.3
7/12/2017,4.086,56.5,146.3
8/12/2017,4.0786,57.25,141.65
11/12/2017,4.0745,57.88,140.6
12/12/2017,4.077,57.41,142.75
13/12/2017,4.0851,56.74,141.6
14/12/2017,4.082,57.05,145.6
15/12/2017,4.078,57.31,146.2
18/12/2017,4.08,57.28,145.25
19/12/2017,4.0785,57.65,144.7
20/12/2017,4.0715,58,145.3
21/12/2017,4.0755,58.14,143.95
22/12/2017,4.076,58.44,142.55
26/12/2017,4.0825,59.78,146.25
27/12/2017,4.079,59.54,147.3
28/12/2017,4.0627,59.81,146.8
29/12/2017,4.0589,60.23,145.25
2/1/2018,4.017,60.4,146.55
3/1/2018,4.0178,61.81,145.55
4/1/2018,4.0011,61.92,144.5
5/1/2018,3.995,61.55,145.6
8/1/2018,3.9945,62.23,146
9/1/2018,4.0065,63.34,147.45
10/1/2018,4,63.44,149.2
11/1/2018,3.976,63.51,150
12/1/2018,3.9675,64.38,152.35
15/1/2018,3.9435,64.72,154.95
16/1/2018,3.959,63.87,155.05
17/1/2018,3.957,64.21,154.1
18/1/2018,3.9513,63.66,154.55
19/1/2018,3.936,63.56,153.65
22/1/2018,3.9325,63.94,155.1
23/1/2018,3.9245,64.51,152.75
24/1/2018,3.91,65.85,151.8
25/1/2018,3.883,65.22,152.8
26/1/2018,3.872,66.31,154.7
29/1/2018,4.1075,53.12,152.9
30/1/2018,4.102,54.28,133.75
2/2/2018,3.885,65.12,149.7
5/2/2018,3.8975,63.62,149.85
6/2/2018,3.9125,63.91,147.45
7/2/2018,3.9065,61.71,146.3
8/2/2018,3.9235,60.52,143.8
9/2/2018,3.9543,59.09,143.75
12/2/2018,3.9365,59.55,146.2
13/2/2018,3.9365,58.97,144
14/2/2018,3.9005,60.83,144.75
22/2/2018,3.915,62.73,145.2
23/2/2018,3.916,63.65,146.9
26/2/2018,3.9,64.05,149.65
27/2/2018,3.9211,62.89,149.05
28/2/2018,3.915,61.52,150.1
1/3/2018,3.919,61.3,149
2/3/2018,3.9278,61.52,148.75
5/3/2018,3.9035,62.65,151
6/3/2018,3.8918,62.08,148.6
7/3/2018,3.902,61.34,148.35
8/3/2018,3.9055,60.32,148.5
9/3/2018,3.91,62.18,145.3
12/3/2018,3.902,61.31,147.65
13/3/2018,3.8985,60.89,146.35
14/3/2018,3.904,60.95,147.2
15/3/2018,3.917,61.26,148.5
16/3/2018,3.9065,62.26,146.3
19/3/2018,3.914,62.14,144.55
20/3/2018,3.915,63.66,143.2
21/3/2018,3.92,65.3,144.15
22/3/2018,3.9113,64.47,143.5
23/3/2018,3.915,65.75,136.15
26/3/2018,3.8898,65.5,132.75
27/3/2018,3.8745,64.75,135.4
28/3/2018,3.8545,64.61,138.05
29/3/2018,3.865,64.86,138.45
2/4/2018,3.8595,63.02,137.55
3/4/2018,3.8717,63.48,137.15
4/4/2018,3.8717,63.61,136.65
9/4/2018,3.866,63.26,136.2
10/4/2018,3.866,65.62,138.55
11/4/2018,3.862,66.8,138.6
12/4/2018,3.872,66.83,139.35
13/4/2018,3.8738,67.31,139.85
16/4/2018,3.876,66.42,137.05
17/4/2018,3.883,66.59,137.25
18/4/2018,3.888,68.75,137.05
19/4/2018,3.883,68.39,139.2
20/4/2018,3.8875,68.09,142.55
23/4/2018,3.892,68.98,140.4
24/4/2018,3.8965,67.83,139.35
25/4/2018,3.903,68.22,139.25
26/4/2018,3.9095,68.11,139.7
27/4/2018,3.916,67.98,138.85
7/5/2018,3.938,70.02,144.85
8/5/2018,3.9415,70.21,143.85
14/5/2018,3.9469,71.06,143
15/5/2018,3.948,70.97,139.4
16/5/2018,3.9535,71.55,140.75
17/5/2018,3.965,71.58,140.95
18/5/2018,3.9695,71.39,143.15
21/5/2018,3.97,72.44,149
22/5/2018,3.9775,72.08,148.55
23/5/2018,3.9645,71.75,146.95
24/5/2018,3.976,70.59,145.2
25/5/2018,3.977,67.42,145.3
28/5/2018,3.9785,66.97,144.6
30/5/2018,3.981,68.04,143.9
31/5/2018,3.985,67.02,142.2
1/6/2018,3.977,65.71,142.45
4/6/2018,3.976,64.92,144.85
5/6/2018,3.97,65.51,142.65
6/6/2018,3.97,65.11,142.7
7/6/2018,3.97,66.09,142.85
8/6/2018,3.98,65.55,141.9
11/6/2018,3.986,66.11,141.4
12/6/2018,3.9817,65.83,141.4
13/6/2018,3.987,66.62,138.1
14/6/2018,3.9836,66.94,137.15
19/6/2018,3.9948,65.25,133.15
20/6/2018,3.9997,65.67,134.7
21/6/2018,4.0025,65.97,133.85
22/6/2018,4.0125,69.35,135.05
25/6/2018,3.995,68.16,135.8
26/6/2018,4.0131,70.75,135.25
27/6/2018,4.02,72.61,135.3
28/6/2018,4.0275,73.45,138.9
29/6/2018,4.0405,74.39,136.05
2/7/2018,4.0291,74.06,134.4
3/7/2018,4.038,74.72,132.6
4/7/2018,4.0395,74.22,132.25
5/7/2018,4.055,73.15,129.4
6/7/2018,4.0413,74,129.95
9/7/2018,4.035,74.03,132.85
10/7/2018,4.025,74.08,132
11/7/2018,4.025,70.64,131.75
12/7/2018,4.036,70.36,130.65
13/7/2018,4.0385,70.59,131.05
16/7/2018,4.049,68.08,132.15
17/7/2018,4.0294,67.81,133.65
18/7/2018,4.0423,68.94,134.1
19/7/2018,4.059,69.52,133.95
20/7/2018,4.06,69.47,133.9
23/7/2018,4.059,69.02,132
24/7/2018,4.063,69.91,132.45
25/7/2018,4.0565,70.58,133.2
26/7/2018,4.042,70.64,133.85
27/7/2018,4.0629,70.07,132.1
30/7/2018,4.0588,71.04,132.45
31/7/2018,4.0555,69.28,131.65
1/8/2018,4.0421,68.64,131.9
2/8/2018,4.064,69.72,132.1
3/8/2018,4.0679,69.42,131.65
6/8/2018,4.08,69.5,133.35
7/8/2018,4.0765,69.78,134.35
8/8/2018,4.0735,67.31,135.55
9/8/2018,4.0725,67.25,135
10/8/2018,4.0725,68.23,135.75
13/8/2018,4.085,67.72,134.9
14/8/2018,4.0965,67.02,135.15
15/8/2018,4.096,65.11,135.45
16/8/2018,4.101,65.61,134.1
17/8/2018,4.103,66.08,133.95
20/8/2018,4.1,66.31,135.25
21/8/2018,4.0963,66.88,135.25
23/8/2018,4.092,68.65,137.6
24/8/2018,4.102,69.34,137.35
27/8/2018,4.089,69.67,135.9
28/8/2018,4.095,69.22,135.9
29/8/2018,4.103,70.3,134.85
30/8/2018,4.1241,70.64,134.9
3/9/2018,4.1145,70.61,131.95
4/9/2018,4.1265,69.86,132.35
5/9/2018,4.1355,69.02,132.35
6/9/2018,4.1505,68.33,132.55
7/9/2018,4.1373,68.17,132.4
12/9/2018,4.1423,70.39,133.6
13/9/2018,4.1415,69.04,133.9
14/9/2018,4.143,69.17,133.9
18/9/2018,4.136,69.86,132.45
19/9/2018,4.14,71.42,132.9
20/9/2018,4.1332,70.55,136.05
21/9/2018,4.1361,71.09,134.15
25/9/2018,4.1275,72.23,133.75
26/9/2018,4.1345,72.42,134.75
27/9/2018,4.138,72.42,134.8
28/9/2018,4.139,73.78,133.5
8/10/2018,4.143,74.42,133.75
9/10/2018,4.1594,74.91,135.8
10/10/2018,4.153,72.8,135.2
11/10/2018,4.1505,71.2,133.1
12/10/2018,4.1558,71.56,133.25
15/10/2018,4.152,71.92,133.4
16/10/2018,4.1535,72.32,133.4
17/10/2018,4.151,69.95,133.6
18/10/2018,4.1558,68.83,132.5
19/10/2018,4.1637,69.39,132.05
22/10/2018,4.1565,69.47,132.95
23/10/2018,4.157,66.27,133.95
24/10/2018,4.1608,66.06,132.65
25/10/2018,4.166,66.81,131.5
26/10/2018,4.1668,67.5,132.5
29/10/2018,4.173,66.61,127.75
30/10/2018,4.177,66.4,125.65
31/10/2018,4.18,64.95,124.75
1/11/2018,4.182,63.52,125.75
2/11/2018,4.1765,62.77,125.95
5/11/2018,4.16,62.8,124.35
7/11/2018,4.1635,61.62,125.5
8/11/2018,4.1491,60.68,124.65
9/11/2018,4.162,59.8,125.2
12/11/2018,4.1759,58.94,122.8
13/11/2018,4.1815,55.7,123.9
14/11/2018,4.1915,55.89,123.9
15/11/2018,4.194,56.47,123.95
16/11/2018,4.1895,56.81,123.65
19/11/2018,4.19,57.19,122.6
21/11/2018,4.1885,54.47,120.25
22/11/2018,4.1751,53.84,121.95
23/11/2018,4.1935,50.89,121.75
26/11/2018,4.1915,51.45,122.65
27/11/2018,4.1855,51.93,122.75
28/11/2018,4.188,50.47,122.35
29/11/2018,4.1975,51.27,122.85
30/11/2018,4.1818,50.6,123.6
3/12/2018,4.18,53.16,125.6
4/12/2018,4.163,52.68,124.35
5/12/2018,4.145,52.59,123.55
6/12/2018,4.1515,51.42,124.9
7/12/2018,4.1618,52.05,125.2
10/12/2018,4.164,50.89,123.65
11/12/2018,4.171,51.98,123.35
12/12/2018,4.1818,51.31,124.35
13/12/2018,4.181,52.78,126.6
14/12/2018,4.1778,51.17,124.8
17/12/2018,4.1825,49.32,126.9
18/12/2018,4.1667,46.3,127.75
19/12/2018,4.192,47.08,126.75
20/12/2018,4.176,46.06,128.05
21/12/2018,4.1899,45.08,128.2
24/12/2018,4.1785,42.27,127.65
26/12/2018,4.1749,46.39,125.25
27/12/2018,4.1745,45.23,127.7
28/12/2018,4.1672,44.92,128.65
2/1/2019,4.1295,45.66,129.25
3/1/2019,4.135,46.78,131.45
4/1/2019,4.14,48.18,136.95
7/1/2019,4.122,48.66,136.5
8/1/2019,4.1123,49.89,138.9
9/1/2019,4.1143,52.08,140.9
10/1/2019,4.1015,52.2,138.1
11/1/2019,4.095,51.64,137.95
14/1/2019,4.0935,50.64,135.2
15/1/2019,4.0953,51.87,135.25
16/1/2019,4.103,52.23,136.1
17/1/2019,4.1055,52.17,135.1
18/1/2019,4.11,53.67,135.65
22/1/2019,4.1217,52.62,137.2
23/1/2019,4.1325,52.2,134.3
24/1/2019,4.1345,52.84,134.35
25/1/2019,4.1408,53.3,134.1
28/1/2019,4.12,51.86,134.4
31/1/2019,4.088,53.71,133.55
11/2/2019,4.066,52.34,132.5
12/2/2019,4.07,53.41,134.35
13/2/2019,4.07,53.92,134.1
14/2/2019,4.0645,54.52,136
15/2/2019,4.0725,55.76,135.3
18/2/2019,4.0823,55.86,137.1
19/2/2019,4.0773,55.91,141.65
20/2/2019,4.0783,56.83,143.4
21/2/2019,4.064,56.49,143.95
22/2/2019,4.0765,56.74,142.8
25/2/2019,4.076,55.15,143.7
26/2/2019,4.065,55.73,145.85
27/2/2019,4.0663,56.7,147.3
28/2/2019,4.064,56.94,148.4
1/3/2019,4.064,55.5,149.35
4/3/2019,4.072,56.22,149.5
5/3/2019,4.0765,55.98,149.5
6/3/2019,4.0797,55.95,148.8
7/3/2019,4.086,56.28,145.75
8/3/2019,4.0886,55.86,145.65
11/3/2019,4.0885,56.87,146.7
12/3/2019,4.087,57.06,147.4
13/3/2019,4.078,58.23,148.25
14/3/2019,4.086,58.48,149.25
15/3/2019,4.088,58.34,147
18/3/2019,4.0855,59.05,148.35
19/3/2019,4.075,58.92,148.05
20/3/2019,4.074,59.8,148.55
21/3/2019,4.0585,59.64,149.25
22/3/2019,4.0473,58.69,149.4
25/3/2019,4.0625,58.92,146.7
26/3/2019,4.066,59.62,147.35
27/3/2019,4.0721,59.12,145.6
28/3/2019,4.0691,59.3,143.85
29/3/2019,4.0755,59.98,144.5
1/4/2019,4.0815,61.58,144.55
2/4/2019,4.0788,62.36,145.4
3/4/2019,4.0885,62.26,149.2
4/4/2019,4.0765,61.84,149
8/4/2019,4.0825,64.35,152.9
9/4/2019,4.093,64.09,150.95
10/4/2019,4.0915,64.27,153.3
11/4/2019,4.1081,63.71,156.65
12/4/2019,4.1254,63.73,155.3
15/4/2019,4.112,63.46,154.95
16/4/2019,4.1128,64.33,154.45
17/4/2019,4.13,63.71,154.35
18/4/2019,4.1336,63.96,150.9
22/4/2019,4.13,65.67,151.95
23/4/2019,4.13,65.94,151.85
24/4/2019,4.1255,65.66,151.7
25/4/2019,4.13,64.89,151.8
26/4/2019,4.1468,62.77,151.95
29/4/2019,4.13,63.47,150.75
30/4/2019,4.1313,63.48,150.9
6/5/2019,4.143,62.26,150.35
7/5/2019,4.1451,61.51,152
8/5/2019,4.1478,61.91,151.3
9/5/2019,4.1473,61.84,149
10/5/2019,4.1602,61.71,150.25
13/5/2019,4.156,60.92,149.45
14/5/2019,4.1586,61.27,149.65
15/5/2019,4.168,62.2,149.35
16/5/2019,4.171,63.16,153
17/5/2019,4.164,62.74,152.05
21/5/2019,4.1741,62.63,152.5
23/5/2019,4.1829,58.05,152.8
24/5/2019,4.1895,58.88,153.95
27/5/2019,4.184,59.04,155.4
28/5/2019,4.1841,58.8,156.25
29/5/2019,4.186,58.95,154.45
30/5/2019,4.193,55.79,152.85
31/5/2019,4.184,53.25,155.5
3/6/2019,4.1896,53.02,151.3
4/6/2019,4.179,52.98,152.5
10/6/2019,4.1455,53.28,155.6
11/6/2019,4.1605,52.77,155.8
12/6/2019,4.1611,51.2,156.1
13/6/2019,4.157,52.05,156
14/6/2019,4.1601,52.47,154.8
17/6/2019,4.165,51.84,154.3
18/6/2019,4.176,54.2,152.05
19/6/2019,4.1621,54.41,152.15
20/6/2019,4.1711,57.18,150.1
21/6/2019,4.1455,57.36,149.75
24/6/2019,4.1344,57.6,148.25
25/6/2019,4.137,58.59,147
26/6/2019,4.1265,58.77,148.5
27/6/2019,4.1358,59.17,149.65
28/6/2019,4.14,58.02,148.2
1/7/2019,4.1241,58.58,148.9
2/7/2019,4.1307,56.4,146.9
3/7/2019,4.14,57.27,147.65
4/7/2019,4.1351,56.66,145.2
5/7/2019,4.13,57.61,145.6
8/7/2019,4.133,57.34,145.95
9/7/2019,4.133,58.57,141.45
10/7/2019,4.1393,60.38,141.35
11/7/2019,4.1301,60.34,140.6
12/7/2019,4.115,60.28,140.25
15/7/2019,4.1104,59.41,141.05
16/7/2019,4.1008,57.56,140.75
17/7/2019,4.1053,56.53,141.25
18/7/2019,4.1091,55.66,141.3
19/7/2019,4.1051,55.74,142.55
22/7/2019,4.1091,55.95,143.45
23/7/2019,4.1105,56.91,143.7
24/7/2019,4.1155,55.86,143.9
25/7/2019,4.1165,55.95,143.7
26/7/2019,4.113,56.05,142.4
29/7/2019,4.117,57.01,139.8
31/7/2019,4.1225,57.54,136.8
1/8/2019,4.1181,54.34,136.4
2/8/2019,4.1405,55.12,131.5
5/8/2019,4.1542,53.98,130.85
6/8/2019,4.1765,53.31,131.05
7/8/2019,4.1903,52.23,132.2
8/8/2019,4.204,52.77,132.25
9/8/2019,4.1826,54.22,132.65
13/8/2019,4.1994,56.76,132.25
14/8/2019,4.185,54.92,131.85
15/8/2019,4.1875,54.76,130.95
16/8/2019,4.1895,54.88,131.55
19/8/2019,4.1751,56.01,132.6
20/8/2019,4.1712,56.23,133.55
21/8/2019,4.1781,56.02,131.15
22/8/2019,4.1725,55.55,130.2
23/8/2019,4.1856,53.96,129.5
26/8/2019,4.19,53.82,129.8
27/8/2019,4.1984,55.63,129.7
28/8/2019,4.2,55.88,131.5
29/8/2019,4.212,56.61,130.02
30/8/2019,4.2155,55.17,129.55
3/9/2019,4.2191,53.88,131.2
4/9/2019,4.2067,56.05,134.85
5/9/2019,4.1905,56.28,134.6
6/9/2019,4.1891,56.66,135.2
10/9/2019,4.1628,57.97,133.8
11/9/2019,4.164,56.22,134.25
12/9/2019,4.176,55.17,133.9
17/9/2019,4.1615,58.91,137
18/9/2019,4.185,58.11,135.2
19/9/2019,4.1825,58.87,134.85
20/9/2019,4.1873,58.41,134.15
23/9/2019,4.1725,58.38,134.8
24/9/2019,4.1751,56.83,134
25/9/2019,4.1731,56.74,132.7
26/9/2019,4.189,56.3,133.45
27/9/2019,4.185,56.17,128.2
30/9/2019,4.1905,54.26,130.2
8/10/2019,4.19,52.41,126.55
9/10/2019,4.191,52.2,127.65
10/10/2019,4.195,53.92,129
11/10/2019,4.1865,54.89,129.1
14/10/2019,4.18,53.55,131.3
15/10/2019,4.1855,52.99,130.35
16/10/2019,4.189,52.81,130.2
17/10/2019,4.1881,53.95,130.5
18/10/2019,4.177,53.73,130.95
21/10/2019,4.183,53.39,131.35
22/10/2019,4.18,54.05,132.8
23/10/2019,4.186,55.59,133.4
24/10/2019,4.1848,55.95,132.8
25/10/2019,4.1825,56.49,132.2
29/10/2019,4.1811,55.36,132.35
30/10/2019,4.1806,54.76,132.65
31/10/2019,4.1751,53.97,134.05
1/11/2019,4.1763,56.05,133.75
4/11/2019,4.162,56.48,133.2
5/11/2019,4.1476,57.01,135.65
6/11/2019,4.128,56.24,136
7/11/2019,4.1345,56.88,136.6
11/11/2019,4.1305,56.59,135.75
12/11/2019,4.141,56.62,136.6
13/11/2019,4.14,57.38,136.45
15/11/2019,4.16,57.86,136.4
18/11/2019,4.1505,56.91,136.95
19/11/2019,4.153,55.26,137.65
20/11/2019,4.1551,56.88,141.9
21/11/2019,4.163,58.26,141.4
22/11/2019,4.167,57.84,141.4
25/11/2019,4.17,57.87,142.8
26/11/2019,4.176,58.2,141.05
27/11/2019,4.1695,57.91,142.6
28/11/2019,4.1695,58.01,142.2
29/11/2019,4.172,55.36,140.15
2/12/2019,4.175,55.99,141.35
3/12/2019,4.1763,56.37,142.45
4/12/2019,4.173,58.38,141.9
5/12/2019,4.1735,58.31,143.9
6/12/2019,4.167,59.11,147.95
9/12/2019,4.158,58.84,149
10/12/2019,4.159,59.06,148.7
11/12/2019,4.16,58.91,146.75
12/12/2019,4.162,59.56,148.65
13/12/2019,4.1576,59.78,149.95
16/12/2019,4.132,60.12,147.1
17/12/2019,4.14,60.55,148.05
18/12/2019,4.139,60.88,146.45
19/12/2019,4.137,61.14,143.25
20/12/2019,4.139,60.44,144.2
23/12/2019,4.1375,60.64,144.15
24/12/2019,4.14,61.16,144.05
26/12/2019,4.134,61.73,145.55
27/12/2019,4.13,61.74,144.95
30/12/2019,4.125,61.69,145.65
31/12/2019,4.107,61.22,146.3
2/1/2020,4.088,61.19,147.4
3/1/2020,4.085,63.1,145.65
6/1/2020,4.1,62.99,148.45
7/1/2020,4.1,64.92,149.15
8/1/2020,4.0894,59.97,149.95
9/1/2020,4.099,59.55,149.95
10/1/2020,4.088,59.17,149.25
13/1/2020,4.0741,58.12,152.3
14/1/2020,4.058,58.09,152.1
15/1/2020,4.0715,58.12,150.8
16/1/2020,4.07,58.61,152.45
17/1/2020,4.062,58.77,152.45
20/1/2020,4.0526,58.67,150.45
21/1/2020,4.057,58.26,149.05
22/1/2020,4.0691,56.09,146.35
23/1/2020,4.0626,55.62,147.05
3/2/2020,4.0936,49.88,130.05
4/2/2020,4.1135,49.58,128
5/2/2020,4.108,51.2,131.4
6/2/2020,4.1176,51.41,132.5
7/2/2020,4.12,50.34,132.4
10/2/2020,4.1391,49.78,133
11/2/2020,4.1451,50.12,134.5
12/2/2020,4.1306,51.45,135.05
13/2/2020,4.14,51.39,135.8
14/2/2020,4.1395,52.2,134.85
17/2/2020,4.139,51.95,136.3
18/2/2020,4.1425,52.16,136.2
19/2/2020,4.1525,53.53,136.15
20/2/2020,4.1605,53.26,136.65
21/2/2020,4.1781,53.22,137.55
24/2/2020,4.1866,51.27,134.25
25/2/2020,4.2225,50.01,134.4
26/2/2020,4.232,48.26,136.55
27/2/2020,4.2226,46.66,135.4
28/2/2020,4.2085,45.13,132.3
2/3/2020,4.211,47.8,130.65
3/3/2020,4.2001,46.91,132.95
4/3/2020,4.2108,47.23,131.2
5/3/2020,4.178,46.12,132.6
6/3/2020,4.159,41.53,130.75
9/3/2020,4.1701,32.38,124.5
10/3/2020,4.215,34.01,127.3
11/3/2020,4.2325,33.09,129.05
12/3/2020,4.245,31.02,126.85
13/3/2020,4.27,32.98,125.1
16/3/2020,4.276,29.13,127.5
17/3/2020,4.3061,26.48,126.95
18/3/2020,4.3485,23.57,129.2
19/3/2020,4.371,26,119.65
20/3/2020,4.4126,23.2,119.3
23/3/2020,4.392,24.05,114.95
24/3/2020,4.44,24.25,112.05
25/3/2020,4.428,23.89,113.65
26/3/2020,4.3875,22.77,112.85
27/3/2020,4.33,21.53,111.75
31/3/2020,4.331,20.05,106.24
1/4/2020,4.31,21.02,105.25
2/4/2020,4.3551,24.46,106.8
3/4/2020,4.3555,28.5,106.7
7/4/2020,4.361,24.45,108.45
8/4/2020,4.335,26.23,111.95
9/4/2020,4.3425,23.05,113.05
13/4/2020,4.3055,22.8,113.85
14/4/2020,4.3261,20.79,112.2
15/4/2020,4.33,20.25,112.5
16/4/2020,4.3405,19.88,111.65
17/4/2020,4.372,18.16,113.25
20/4/2020,4.3675,11.96,114.6
21/4/2020,4.372,7.98,111.95
22/4/2020,4.393,8.05,110.05
23/4/2020,4.3672,8.21,109.8
24/4/2020,4.3578,7.99,111.2
27/4/2020,4.357,7.79,110.8
28/4/2020,4.3555,7.79,110.1
29/4/2020,4.359,8.16,107.6
30/4/2020,4.3415,8.62,108.15
6/5/2020,4.3,9.11,108.35
8/5/2020,4.322,9.61,109.7
12/5/2020,4.3315,9.38,108
13/5/2020,4.326,9.41,108.5
14/5/2020,4.328,9.79,108.75
15/5/2020,4.338,10.17,109.95
18/5/2020,4.3492,11.21,109.5
19/5/2020,4.3526,11,111.05
20/5/2020,4.3461,11.5,111.9
21/5/2020,4.346,11.75,112.25
22/5/2020,4.344,11.63,110.45
27/5/2020,4.361,11.59,112.05
28/5/2020,4.348,12.07,111.9
29/5/2020,4.348,12.67,110.85
1/6/2020,4.342,12.93,113.35
2/6/2020,4.312,13.48,113.5
3/6/2020,4.2725,13.59,113.55
4/6/2020,4.2545,13.77,113.4
5/6/2020,4.2705,14.33,115.9
9/6/2020,4.2575,14.45,118.45
10/6/2020,4.273,14.62,117.2
11/6/2020,4.249,13.71,117.4
12/6/2020,4.247,14.12,114.25
15/6/2020,4.268,14.7,113.8
16/6/2020,4.2765,14.96,114.95
17/6/2020,4.275,14.93,113.9
18/6/2020,4.278,15.54,115.05
19/6/2020,4.2755,15.61,116.05
22/6/2020,4.265,16.46,116.5
23/6/2020,4.2705,16.28,116.65
24/6/2020,4.276,15.62,116.1
29/6/2020,4.2885,16.64,113.65
30/6/2020,4.2825,16.73,114.1
1/7/2020,4.282,16.86,115.15
2/7/2020,4.284,17.25,116.3
3/7/2020,4.283,17.38,117.35
6/7/2020,4.285,17.89,118.05
7/7/2020,4.275,17.86,119
8/7/2020,4.273,18.19,118
9/7/2020,4.267,17.88,118.5
10/7/2020,4.261,18.37,119.1
13/7/2020,4.2645,18.27,118.25
14/7/2020,4.2625,18.77,117.7
15/7/2020,4.268,19.07,117.6
16/7/2020,4.26,19.09,117.35
17/7/2020,4.2655,19.14,118.35
20/7/2020,4.2625,19.54,117.45
21/7/2020,4.258,19.96,117.95
22/7/2020,4.259,20.13,118.55
23/7/2020,4.2505,20,118.35
24/7/2020,4.254,20.27,119.85
27/7/2020,4.26,20.87,120.4
28/7/2020,4.25,20.77,120.5
29/7/2020,4.249,21,120.05
30/7/2020,4.2405,20.73,125.65
3/8/2020,4.237,21.41,124.15
4/8/2020,4.2225,21.88,124.35
5/8/2020,4.219,22.45,125.3
6/8/2020,4.1925,22.55,126.45
7/8/2020,4.186,22.42,133.4
10/8/2020,4.185,23.04,132.35
11/8/2020,4.193,22.98,131.4
12/8/2020,4.1925,23.62,128.65
13/8/2020,4.191,23.75,129.45
14/8/2020,4.189,23.76,130.15
17/8/2020,4.188,24.5,131.15
18/8/2020,4.189,24.59,131.6
19/8/2020,4.1805,24.69,131.7
20/8/2020,4.17,24.84,131.7
21/8/2020,4.17,24.62,132.05
24/8/2020,4.1775,25.27,132.55
25/8/2020,4.173,25.91,133.6
26/8/2020,4.167,26.11,134.1
27/8/2020,4.167,25.95,136.3
28/8/2020,4.17,26.14,135.6
1/9/2020,4.168,26.87,141.9
2/9/2020,4.145,26.29,141.25
3/9/2020,4.1435,25.95,140.3
4/9/2020,4.145,25.22,135.75
7/9/2020,4.147,25.52,136.05
8/9/2020,4.155,24.07,135.45
9/9/2020,4.165,24.91,133.25
10/9/2020,4.169,24.73,133.45
11/9/2020,4.162,24.88,132.6
14/9/2020,4.1515,25.32,134.15
15/9/2020,4.1435,26.21,136.05
17/9/2020,4.128,41.14,136.15
18/9/2020,4.137,41.19,137.4
21/9/2020,4.112,39.98,138.2
22/9/2020,4.12,39.77,135.85
23/9/2020,4.132,39.41,134.5
24/9/2020,4.12,40.4,135.3
25/9/2020,4.166,40.16,139.75
28/9/2020,4.169,40.7,140.4
29/9/2020,4.173,39.27,139.6
30/9/2020,4.155,40.17,137.85
9/10/2020,4.15,40.8,142.55
12/10/2020,4.1425,39.86,146.2
13/10/2020,4.1435,40.41,147.6
14/10/2020,4.14,41.48,148.45
15/10/2020,4.148,41.19,148.15
16/10/2020,4.153,41.01,151.55
19/10/2020,4.147,40.95,154.05
20/10/2020,4.146,41.47,154.9
21/10/2020,4.147,39.95,163.5
22/10/2020,4.141,40.67,162.5
23/10/2020,4.1415,39.8,164.5
26/10/2020,4.155,38.75,170.9
27/10/2020,4.163,38.99,170.1
28/10/2020,4.16,37.88,174.7
30/10/2020,4.1545,35.92,167.85
2/11/2020,4.15,37.27,155.1
3/11/2020,4.155,38.62,154.3
4/11/2020,4.154,39.23,151.8
5/11/2020,4.1655,38.66,152.85
6/11/2020,4.143,37.7,155.15
9/11/2020,4.126,39.93,152
10/11/2020,4.105,41.88,150.75
11/11/2020,4.105,41.78,156.35
12/11/2020,4.127,41,156.45
13/11/2020,4.128,40.38,157.2
16/11/2020,4.121,41.62,158.7
17/11/2020,4.115,41.52,155.85
18/11/2020,4.1025,41.8,155.5
19/11/2020,4.0855,41.69,155.4
20/11/2020,4.097,42.48,156.6
23/11/2020,4.09,43.22,158.7
24/11/2020,4.088,44.88,157.75
25/11/2020,4.085,45.86,159.4
26/11/2020,4.085,45.05,160.3
27/11/2020,4.065,45.74,160.1
30/11/2020,4.067,45.29,166.25
1/12/2020,4.0715,44.25,165.7
2/12/2020,4.0725,45,166.05
3/12/2020,4.073,45.79,166.05
4/12/2020,4.0625,46.19,161.55
7/12/2020,4.058,45.75,160.3
8/12/2020,4.07,45.66,161.15
9/12/2020,4.07,45.84,156.8
10/12/2020,4.063,47.23,154.5
11/12/2020,4.0565,46.7,155.3
14/12/2020,4.05,47.12,158.1
15/12/2020,4.051,47.71,157.85
16/12/2020,4.053,48.02,157.88
17/12/2020,4.049,48.55,158.65
18/12/2020,4.033,49.26,160.3
21/12/2020,4.038,47.83,161.4
22/12/2020,4.038,46.89,157.15
23/12/2020,4.059,48.09,150.15
24/12/2020,4.061,48.28,152.7
28/12/2020,4.058,47.87,150.05
29/12/2020,4.0475,47.94,148.25
30/12/2020,4.048,48.22,147.4
4/1/2021,4.02,47.28,155.4
5/1/2021,4.004,49.66,158.1
6/1/2021,4.015,50.38,157.2
7/1/2021,4.008,50.84,162.7
8/1/2021,4.0375,52.6,160.4
11/1/2021,4.03,52.03,156.3
12/1/2021,4.045,53.3,154.85
13/1/2021,4.0525,52.69,157.6
14/1/2021,4.042,53.73,156.5
15/1/2021,4.036,52.01,161.3
18/1/2021,4.034,52.3,161.2
19/1/2021,4.046,53.12,160.65
20/1/2021,4.0455,52.89,159.65
21/1/2021,4.043,52.95,160.6
22/1/2021,4.028,51.92,157.35
25/1/2021,4.0405,52.8,156.4
26/1/2021,4.043,52.72,157.9
27/1/2021,4.0465,52.36,157.4
29/1/2021,4.044,52.1,158.15
2/2/2021,4.04,54.91,161.2
3/2/2021,4.043,55.86,159.55
4/2/2021,4.049,56.49,158.55
5/2/2021,4.056,57.04,162.05
8/2/2021,4.068,58.02,164.15
9/2/2021,4.063,58.37,164.1
10/2/2021,4.0465,58.3,161.55
18/2/2021,4.037,59.7,168.5
19/2/2021,4.0395,59.02,169
22/2/2021,4.035,61.56,175
23/2/2021,4.0395,61.2,180.15
24/2/2021,4.041,63.52,179.1
26/2/2021,4.037,61.56,184.65
1/3/2021,4.052,60.23,176
2/3/2021,4.055,59.39,170.01
3/3/2021,4.056,60.7,174.7
4/3/2021,4.0505,64.19,173.25
5/3/2021,4.055,66.23,175.6
8/3/2021,4.072,64.86,176.8
9/3/2021,4.105,63.92,176.35
10/3/2021,4.1145,64.64,179.3
11/3/2021,4.125,65.89,175.35
12/3/2021,4.105,65.54,179.65
15/3/2021,4.116,65.3,179.95
16/3/2021,4.11,64.88,179.85
17/3/2021,4.1115,64.58,180.45
18/3/2021,4.119,59.76,184.75
19/3/2021,4.109,61.46,177.9
22/3/2021,4.105,61.27,178.4
23/3/2021,4.1105,57.53,176.75
24/3/2021,4.12,60.59,175.5
25/3/2021,4.1295,58.74,175.5
26/3/2021,4.144,60.71,169.25
29/3/2021,4.144,62.09,169
30/3/2021,4.139,60.38,166.5
31/3/2021,4.149,59.55,161.05
1/4/2021,4.144,61.25,165.2
6/4/2021,4.14,59.17,167.9
7/4/2021,4.129,59.62,168.9
8/4/2021,4.129,59.73,168.35
9/4/2021,4.135,59.32,162.6
12/4/2021,4.1325,59.76,162.3
13/4/2021,4.1305,60.52,158.9
14/4/2021,4.132,62.88,160.4
15/4/2021,4.127,63.34,161.6
16/4/2021,4.123,63.07,163.85
19/4/2021,4.1235,63.55,161.8
20/4/2021,4.121,62.28,163.5
21/4/2021,4.1125,61.08,162.9
22/4/2021,4.1185,61.8,166.75
23/4/2021,4.1098,61.98,166.65
26/4/2021,4.107,62.02,167.1
27/4/2021,4.0965,62.95,163.65
28/4/2021,4.095,63.77,166
30/4/2021,4.1,63.44,169
3/5/2021,4.093,64.61,167.65
6/5/2021,4.115,64.88,172.35
7/5/2021,4.1195,64.81,176.2
10/5/2021,4.11,64.95,175.65
11/5/2021,4.105,65.5,171.6
17/5/2021,4.1285,66.34,165.4
18/5/2021,4.1275,65.17,164.65
19/5/2021,4.122,63.34,163.95
20/5/2021,4.135,62.09,163.45
21/5/2021,4.1385,63.84,168.5
24/5/2021,4.1385,66,168.35
25/5/2021,4.145,65.89,169.1
27/5/2021,4.14,67.3,171
28/5/2021,4.137,66.64,171.15
31/5/2021,4.131,66.94,171.4
1/6/2021,4.122,67.91,167.55
2/6/2021,4.124,68.72,164.8
3/6/2021,4.1225,68.75,167.4
4/6/2021,4.1205,69.39,168
8/6/2021,4.126,70,165.65
9/6/2021,4.1175,69.7,166.55
10/6/2021,4.116,70.17,166.05
11/6/2021,4.118,70.79,163.35
15/6/2021,4.1125,72.39,160.75
16/6/2021,4.1145,71.47,163.1
17/6/2021,4.115,70.91,162.2
18/6/2021,4.1375,71.39,162.15
21/6/2021,4.1365,73.41,162.15
22/6/2021,4.143,73.19,160.45
23/6/2021,4.159,73.52,165.85
24/6/2021,4.158,73.59,166
25/6/2021,4.155,74.34,165.85
28/6/2021,4.1535,73.17,166.35
29/6/2021,4.1435,73.72,164.8
30/6/2021,4.1495,73.77,160.8
1/7/2021,4.149,75.28,158.1
2/7/2021,4.156,75.29,157.35
5/7/2021,4.161,76.44,161.7
6/7/2021,4.1535,73.77,163.6
7/7/2021,4.145,72.28,163.65
8/7/2021,4.16,73.39,163.85
9/7/2021,4.179,74.78,162.65
12/7/2021,4.188,74.33,163.55
13/7/2021,4.188,75.12,163.45
14/7/2021,4.1905,72.86,163.35
15/7/2021,4.198,71.44,164.9
16/7/2021,4.198,71.52,167
19/7/2021,4.207,67.19,166.85
21/7/2021,4.222,70.53,161.95
22/7/2021,4.2315,72,163.5
23/7/2021,4.2205,72.45,165.6
26/7/2021,4.224,72.33,167
27/7/2021,4.23,72.22,168.45
28/7/2021,4.23,72.64,166.15
29/7/2021,4.231,73.52,167.25
30/7/2021,4.236,73.94,170.85
2/8/2021,4.219,71.56,169
3/8/2021,4.2225,70.56,170.65
4/8/2021,4.231,68.25,170.65
5/8/2021,4.2195,69.17,169.6
6/8/2021,4.215,68.02,174.65
9/8/2021,4.219,67.05,173.3
11/8/2021,4.226,69.39,174.75
12/8/2021,4.2325,68.91,174.25
13/8/2021,4.2305,68.1,174.95
16/8/2021,4.235,67.64,176.45
17/8/2021,4.235,66.59,176.3
18/8/2021,4.2355,64.7,179.4
19/8/2021,4.2355,63.86,176.55
20/8/2021,4.236,62.06,174.05
23/8/2021,4.235,65.73,174.35
24/8/2021,4.224,67.61,173.35
25/8/2021,4.217,68.17,171.6
26/8/2021,4.202,68,170.75
27/8/2021,4.1928,68.89,164.55
30/8/2021,4.1875,69.28,163.85
1/9/2021,4.155,68.34,165.3
2/9/2021,4.1513,69.86,162.8
3/9/2021,4.1555,69.25,163.55
6/9/2021,4.144,68.89,165.05
7/9/2021,4.1455,68.53,164.35
8/9/2021,4.153,69.33,159.15
9/9/2021,4.152,68.03,158.9
10/9/2021,4.1455,69.75,161.1
13/9/2021,4.134,70.69,163.7
14/9/2021,4.145,70.84,166.6
15/9/2021,4.16,72.59,165.85
17/9/2021,4.1555,72.09,166.2
22/9/2021,4.184,72.19,159.6
23/9/2021,4.191,73.5,160.8
24/9/2021,4.18,74.2,159.95
27/9/2021,4.186,75.58,163.6
28/9/2021,4.1875,74.64,165.75
29/9/2021,4.18,74.86,165.5
30/9/2021,4.1823,75.44,167.45
1/10/2021,4.184,75.88,167.45
8/10/2021,4.181,79.68,173.25
11/10/2021,4.1785,80.48,174.95
12/10/2021,4.1675,80.38,175.7
13/10/2021,4.163,80.83,173.85
14/10/2021,4.1575,81.78,174.1
15/10/2021,4.1525,82.57,174.45
18/10/2021,4.1555,82.25,174.55
20/10/2021,4.1695,84.25,180.2
21/10/2021,4.1555,82.88,185.5
22/10/2021,4.156,84.56,175.15
25/10/2021,4.1475,84.31,175.6
26/10/2021,4.149,84.7,175.9
27/10/2021,4.145,82.67,178.95
28/10/2021,4.153,83.16,175.05
29/10/2021,4.148,83.67,178.5
1/11/2021,4.139,84.23,174.25
2/11/2021,4.15,83.28,171.35
3/11/2021,4.146,80.66,172.6
5/11/2021,4.152,81.44,168.4
8/11/2021,4.158,82.26,170.5
9/11/2021,4.1525,84.83,169.85
10/11/2021,4.147,81.72,170.4
11/11/2021,4.151,81.5,170.85
12/11/2021,4.163,80.8,171.85
15/11/2021,4.151,80.8,176.95
16/11/2021,4.159,80.61,177
17/11/2021,4.1645,78.53,176.15
18/11/2021,4.1715,79.31,174.15
19/11/2021,4.18,76.63,177.7
22/11/2021,4.181,77.26,182.6
23/11/2021,4.183,79.08,181.8
24/11/2021,4.193,79.17,179.5
25/11/2021,4.208,78.17,182.65
26/11/2021,4.227,68.89,179.4
29/11/2021,4.237,71.42,180.9
30/11/2021,4.236,67.47,179.7
1/12/2021,4.2025,66.77,178.4
2/12/2021,4.2175,67.84,174.95
6/12/2021,4.229,70.16,171.85
7/12/2021,4.23,72.22,173.35
8/12/2021,4.2295,72.94,172.1
9/12/2021,4.218,70.84,169.65
10/12/2021,4.215,72.27,169.65
13/12/2021,4.21,71.47,173.45
14/12/2021,4.222,70.51,172.9
15/12/2021,4.231,71.83,171.65
16/12/2021,4.228,72.08,171.9
17/12/2021,4.204,70.53,171.55
20/12/2021,4.216,69.56,168.75
21/12/2021,4.225,71.61,167.95
22/12/2021,4.207,73.42,169.55
23/12/2021,4.211,74.06,170.45
28/12/2021,4.181,76.42,173.8
29/12/2021,4.1785,76.84,173.85
30/12/2021,4.1795,76.61,177
4/1/2022,4.17,77.25,175.45
5/1/2022,4.184,77.39,176.5
6/1/2022,4.192,79.69,173.7
7/1/2022,4.211,79.07,176.85
10/1/2022,4.207,78.7,179.2
11/1/2022,4.198,81.42,179.45
12/1/2022,4.19,82.86,180.4
13/1/2022,4.1835,82.03,181.15
14/1/2022,4.175,84.35,181.2
17/1/2022,4.175,84.33,179
19/1/2022,4.181,85.58,183.75
20/1/2022,4.191,84.67,181.1
21/1/2022,4.187,85.43,178.35
24/1/2022,4.185,84.7,176.6
25/1/2022,4.1865,85.86,175.7
26/1/2022,4.188,87.89,177.25
27/1/2022,4.19,87.86,175.65
28/1/2022,4.195,87.79,174.05
7/2/2022,4.178,91.69,177.9
8/2/2022,4.1835,90.08,177.8
9/2/2022,4.1823,90.28,179.7
10/2/2022,4.183,90.17,181.45
11/2/2022,4.182,94.17,181.8
14/2/2022,4.188,94.97,180.95
15/2/2022,4.188,92.55,177.45
16/2/2022,4.1838,91.42,178.8
17/2/2022,4.1835,91.8,176.35
18/2/2022,4.185,92.52,180.25
21/2/2022,4.184,94.31,181.75
22/2/2022,4.177,93.28,182.95
23/2/2022,4.183,94.36,184.75
24/2/2022,4.184,96.28,184.05
25/2/2022,4.1985,93.41,181.75
28/2/2022,4.1985,97.25,177.2
1/3/2022,4.196,107.77,176.9
2/3/2022,4.1905,112.22,179.95
3/3/2022,4.193,110.52,181.65
4/3/2022,4.184,116.37,176.4
7/3/2022,4.176,122.09,177.8
8/3/2022,4.1745,126.47,176
9/3/2022,4.18,111.59,182.45
10/3/2022,4.185,108.32,183.1
11/3/2022,4.186,110,178.25
14/3/2022,4.192,101.84,174.75
15/3/2022,4.2025,96.28,173.35
16/3/2022,4.205,96.69,169.25
17/3/2022,4.19,103.92,171.6
18/3/2022,4.195,105.47,172.35
21/3/2022,4.191,114.2,170.65
22/3/2022,4.2025,110.59,173.15
23/3/2022,4.215,116.44,173.5
24/3/2022,4.222,113.83,173.35
25/3/2022,4.224,114.39,173.5
28/3/2022,4.208,105.47,172.1
29/3/2022,4.214,107.69,172.6
30/3/2022,4.212,108.88,173.35
31/3/2022,4.2025,102.19,175
1/4/2022,4.203,100.57,175.55
4/4/2022,4.208,105.3,176.6
6/4/2022,4.209,97.59,177.55
7/4/2022,4.213,97.69,173.95
8/4/2022,4.2158,98.6,175.35
11/4/2022,4.219,95.83,173.7
12/4/2022,4.228,101.91,173.9
13/4/2022,4.2305,104.19,172.5
14/4/2022,4.229,106.91,173.75
18/4/2022,4.233,108.16,175.5
20/4/2022,4.253,103.08,172.95
21/4/2022,4.279,104.34,171.95
22/4/2022,4.2885,102.42,168.5
25/4/2022,4.3225,99.2,164.65
26/4/2022,4.355,102.58,164.3
27/4/2022,4.3225,102.41,161.3
28/4/2022,4.3575,105.56,159.35
5/5/2022,4.352,109.09,164.95
6/5/2022,4.3475,110.95,160.9
9/5/2022,4.3675,103.03,159.1
10/5/2022,4.381,99.08,159.25
11/5/2022,4.3795,105.97,159.6
12/5/2022,4.374,107.23,159.8
13/5/2022,4.391,110.3,159.25
17/5/2022,4.3955,112.83,163.85
18/5/2022,4.3825,107.35,163.7
19/5/2022,4.3935,110.89,162.3
20/5/2022,4.4,112.04,163.85
23/5/2022,4.3865,111.23,162.5
24/5/2022,4.387,112.06,164.2
25/5/2022,4.393,112.13,163.15
26/5/2022,4.393,115.45,161.75
27/5/2022,4.3955,116.45,166.05
30/5/2022,4.3765,118.83,167.05
31/5/2022,4.3638,116.2,169.03
1/6/2022,4.376,114.22,168.35
2/6/2022,4.3805,118.45,169.85
7/6/2022,4.389,120.27,167
8/6/2022,4.393,122.86,167.75
9/6/2022,4.3915,122,168.8
10/6/2022,4.391,121.08,168.75
13/6/2022,4.3995,121.02,164.1
14/6/2022,4.416,118.97,162.15
15/6/2022,4.42,117.14,162
16/6/2022,4.411,117.38,162.3
17/6/2022,4.4,111.42,162.3
20/6/2022,4.3995,111.2,162.25
21/6/2022,4.399,111.47,161.25
22/6/2022,4.396,105.97,159.4
23/6/2022,4.403,106.44,160.55
24/6/2022,4.404,109.16,161.8
27/6/2022,4.3995,112.11,162.25
28/6/2022,4.4015,113.64,164.2
29/6/2022,4.3945,111.39,164.4
30/6/2022,4.3973,107.75,165.05
1/7/2022,4.405,109.94,163.8
4/7/2022,4.4045,111.67,165.1
5/7/2022,4.4105,102.28,163.5
6/7/2022,4.417,99.25,161.3
7/7/2022,4.422,103.78,160.5
8/7/2022,4.4255,105.8,160.75
12/7/2022,4.4245,94.94,162.05
13/7/2022,4.4345,96.34,157.85
14/7/2022,4.4345,96.56,158.05
15/7/2022,4.4415,97.41,154.55
18/7/2022,4.4465,101.67,157.55
19/7/2022,4.4505,102.95,158.95
20/7/2022,4.4475,102.08,158.5
21/7/2022,4.4495,98.51,157.1
22/7/2022,4.4545,97.49,156.25
25/7/2022,4.4495,98.31,157.85
26/7/2022,4.451,97.52,158.1
27/7/2022,4.4535,99.98,154.6
28/7/2022,4.456,99.28,155.75
29/7/2022,4.45,100.05,155.05
2/8/2022,4.45,95.27,153.45
3/8/2022,4.453,92.39,153
4/8/2022,4.455,89.25,153.05
5/8/2022,4.456,89.69,153.95
8/8/2022,4.4535,91.38,154.95
9/8/2022,4.4565,91.39,155.5
10/8/2022,4.453,92.36,152.85
11/8/2022,4.455,94.78,153.45
12/8/2022,4.443,92.66,152.55
15/8/2022,4.4418,88.84,151.55
16/8/2022,4.457,87.61,150.35
17/8/2022,4.464,88.33,149.8
18/8/2022,4.4655,91.38,149.15
19/8/2022,4.472,90.63,147.95
22/8/2022,4.474,91.72,148.5
23/8/2022,4.4825,94.56,149.45
24/8/2022,4.4903,96.08,147.1
25/8/2022,4.4865,93.77,145.9
26/8/2022,4.47,93.83,143.35
29/8/2022,4.465,97.53,142.95
30/8/2022,4.4795,92.72,139.7
1/9/2022,4.4735,87.81,134.55
2/9/2022,4.4785,87.67,133.9
5/9/2022,4.4815,89.41,134.75
6/9/2022,4.4898,87.22,131.1
7/9/2022,4.498,82.41,130.2
8/9/2022,4.499,83.31,131.4
9/9/2022,4.494,86.44,131.1
13/9/2022,4.501,87.78,136.1
14/9/2022,4.5025,89.24,134.7
15/9/2022,4.5245,84.84,136.25
19/9/2022,4.5325,86,133.75
20/9/2022,4.5475,84.56,135.3
21/9/2022,4.556,83.36,135
22/9/2022,4.55,84.09,134.95
23/9/2022,4.565,79.73,133.45
26/9/2022,4.576,77.06,133.1
27/9/2022,4.577,78.86,133.9
28/9/2022,4.6085,82.09,134.1
29/9/2022,4.628,82,134.2
30/9/2022,4.6305,80.03,133.9
11/10/2022,4.648,88.81,134.5
12/10/2022,4.671,87.34,134.2
13/10/2022,4.68,89.14,132.65
14/10/2022,4.69,85.81,133
17/10/2022,4.6995,86.06,132.7
18/10/2022,4.7145,84.19,131.2
19/10/2022,4.715,85.86,130.7
20/10/2022,4.718,85.62,126.85
21/10/2022,4.727,86.16,126.2
25/10/2022,4.7355,85.72,125.05
26/10/2022,4.7325,89.03,122.05
27/10/2022,4.711,89.42,121.7
28/10/2022,4.713,89.2,118.8
31/10/2022,4.72,86.88,116.8
1/11/2022,4.72,89.36,120.7
2/11/2022,4.734,89.61,121.75
3/11/2022,4.736,88.62,121.7
4/11/2022,4.742,93.2,125.55
7/11/2022,4.7455,92.39,127.35
8/11/2022,4.7455,89.5,129.15
9/11/2022,4.734,86.19,129.6
10/11/2022,4.6895,86.69,126.2
11/11/2022,4.698,89.23,128.85
14/11/2022,4.625,85.57,130.05
15/11/2022,4.5925,87.55,132.45
16/11/2022,4.5625,85.58,130.7
17/11/2022,4.5425,82.71,130.65
21/11/2022,4.5513,81.06,124.95
22/11/2022,4.5765,82,127.95
23/11/2022,4.5675,78.14,127.85
24/11/2022,4.572,78.56,127.4
25/11/2022,4.4925,77.15,127.7
29/11/2022,4.475,79.24,128.35
30/11/2022,4.5063,81.05,130.15
1/12/2022,4.4753,81.8,134.15
2/12/2022,4.4025,80.76,134.25
5/12/2022,4.3855,77.74,137.25
6/12/2022,4.366,74.78,136.7
7/12/2022,4.3925,72.86,137.95
8/12/2022,4.395,72.33,139.3
9/12/2022,4.3955,71.75,140.5
12/12/2022,4.401,73.61,137.85
13/12/2022,4.4145,75.36,136.85
14/12/2022,4.426,77.44,139.15
15/12/2022,4.388,76.4,137.65
16/12/2022,4.414,74.73,139.1
19/12/2022,4.422,76,137.7
20/12/2022,4.423,76.27,132.5
21/12/2022,4.431,78.59,132.2
22/12/2022,4.434,78.56,131.05
23/12/2022,4.422,79.44,128.15
27/12/2022,4.4225,79.84,129.25
28/12/2022,4.42,78.67,131.05
29/12/2022,4.42,78.67,129.6
30/12/2022,4.42,80.55,129.35
